-- phpMyAdmin SQL Dump
-- version 4.1.12
-- http://www.phpmyadmin.net
--
-- Host: 127.0.0.1
-- Generation Time: Apr 12, 2016 at 06:43 PM
-- Server version: 5.6.16
-- PHP Version: 5.5.11

SET SQL_MODE = "NO_AUTO_VALUE_ON_ZERO";
SET time_zone = "+00:00";


/*!40101 SET @OLD_CHARACTER_SET_CLIENT=@@CHARACTER_SET_CLIENT */;
/*!40101 SET @OLD_CHARACTER_SET_RESULTS=@@CHARACTER_SET_RESULTS */;
/*!40101 SET @OLD_COLLATION_CONNECTION=@@COLLATION_CONNECTION */;
/*!40101 SET NAMES utf8 */;

--
-- Database: `databasecancau`
--

-- --------------------------------------------------------

--
-- Table structure for table `menu`
--

CREATE TABLE IF NOT EXISTS `menu` (
  `ID` int(10) NOT NULL AUTO_INCREMENT,
  `Name` varchar(500) NOT NULL,
  `ParentID` int(10) NOT NULL,
  `Active` int(10) NOT NULL,
  PRIMARY KEY (`ID`)
) ENGINE=InnoDB  DEFAULT CHARSET=utf8 AUTO_INCREMENT=4 ;

--
-- Dumping data for table `menu`
--

INSERT INTO `menu` (`ID`, `Name`, `ParentID`, `Active`) VALUES
(1, 'Menu-1', 0, b'0000000001'),
(2, 'Menu-2', 0, b'0000000001'),
(3, 'Menu-3', 0, b'0000000001');

-- --------------------------------------------------------

--
-- Table structure for table `oing`
--

CREATE TABLE IF NOT EXISTS `oing` (
  `MaNganh` varchar(10) NOT NULL,
  `TenNganh` varchar(255) NOT NULL
) ENGINE=InnoDB DEFAULT CHARSET=utf8;

--
-- Dumping data for table `oing`
--

INSERT INTO `oing` (`MaNganh`, `TenNganh`) VALUES
('01', 'Máy câu'),
('02', 'Cần câu'),
('03', 'Dây câu'),
('04', 'Lưỡi'),
('05', 'Phụ kiện'),
('06', 'Thời trang'),
('07', 'Mồi giả');

-- --------------------------------------------------------

--
-- Table structure for table `oitb`
--

CREATE TABLE IF NOT EXISTS `oitb` (
  `MaLoai` varchar(10) NOT NULL,
  `TenLoai` varchar(255) NOT NULL,
  `MaNganh` varchar(10) NOT NULL
) ENGINE=InnoDB DEFAULT CHARSET=utf8;

--
-- Dumping data for table `oitb`
--

INSERT INTO `oitb` (`MaLoai`, `TenLoai`, `MaNganh`) VALUES
('0101', 'Máy đứng', '01'),
('0102', 'Máy ngang', '01'),
('0201', 'Cần lure đứng', '02'),
('0202', 'Cần lure ngang', '02'),
('0203', 'Cần 2 khúc sông hồ', '02'),
('0204', 'Cần 3 khúc sông hồ', '02'),
('0205', 'Cần JIG biển', '02'),
('0206', 'Cần ISO', '02');

-- --------------------------------------------------------

--
-- Table structure for table `oitm`
--

CREATE TABLE IF NOT EXISTS `oitm` (
  `MaSP` varchar(10) DEFAULT NULL,
  `TenSP` varchar(255) DEFAULT NULL,
  `MaNganh` varchar(10) DEFAULT NULL,
  `MaLoai` varchar(10) DEFAULT NULL,
  `MaNhan` varchar(10) DEFAULT NULL,
  `TenNganh` varchar(255) DEFAULT NULL,
  `TenLoai` varchar(255) DEFAULT NULL,
  `TenNhan` varchar(255) DEFAULT NULL,
  `MaNguoiTao` varchar(255) DEFAULT NULL,
  `TenNguoiTao` varchar(255) DEFAULT NULL,
  `NgayTao` date DEFAULT NULL,
  `SuDung` varchar(255) DEFAULT NULL,
  `TinhTrang` varchar(255) DEFAULT NULL,
  `TenVietTat` varchar(255) DEFAULT NULL,
  `MoTa` varchar(255) DEFAULT NULL,
  `Mau` varchar(10) DEFAULT NULL,
  `QLTonKho` varchar(10) DEFAULT NULL,
  `QLSerial` varchar(10) DEFAULT NULL,
  `MaNCC` varchar(10) DEFAULT NULL,
  `TenNCC` varchar(10) DEFAULT NULL,
  `Link` varchar(255) DEFAULT NULL,
  `HinhAnh` varchar(255) DEFAULT NULL,
  `ChieuDai` varchar(50) DEFAULT NULL,
  `CanNang` varchar(50) DEFAULT NULL,
  `DoSau` varchar(50) DEFAULT NULL,
  `Lure` varchar(50) DEFAULT NULL,
  `Line` varchar(50) DEFAULT NULL,
  `PE` varchar(50) DEFAULT NULL,
  `Ring` varchar(50) DEFAULT NULL,
  `Hook` varchar(50) DEFAULT NULL,
  `SoKhoen` varchar(50) DEFAULT NULL,
  `Khoen` varchar(50) DEFAULT NULL,
  `Blank` varchar(50) DEFAULT NULL,
  `Bu` varchar(50) DEFAULT NULL,
  `Pat` varchar(50) DEFAULT NULL,
  `Tua` varchar(50) DEFAULT NULL,
  `Thang` varchar(50) DEFAULT NULL,
  `BacDan` varchar(50) DEFAULT NULL,
  `CongNghe` varchar(50) DEFAULT NULL,
  `Size` varchar(50) DEFAULT NULL,
  `LoaiDay` varchar(50) DEFAULT NULL,
  `Gia` float DEFAULT NULL
) ENGINE=InnoDB DEFAULT CHARSET=utf8;

--
-- Dumping data for table `oitm`
--

INSERT INTO `oitm` (`MaSP`, `TenSP`, `MaNganh`, `MaLoai`, `MaNhan`, `TenNganh`, `TenLoai`, `TenNhan`, `MaNguoiTao`, `TenNguoiTao`, `NgayTao`, `SuDung`, `TinhTrang`, `TenVietTat`, `MoTa`, `Mau`, `QLTonKho`, `QLSerial`, `MaNCC`, `TenNCC`, `Link`, `HinhAnh`, `ChieuDai`, `CanNang`, `DoSau`, `Lure`, `Line`, `PE`, `Ring`, `Hook`, `SoKhoen`, `Khoen`, `Blank`, `Bu`, `Pat`, `Tua`, `Thang`, `BacDan`, `CongNghe`, `Size`, `LoaiDay`, `Gia`) VALUES
('00001', 'NFT Super 60 - 300', '02', '0204', 'NFT', 'Cần câu', 'Cần 3 khúc sông hồ', 'NFT', 'user1', 'Tuấn', '2016-04-12', 'A', '90%', 'NFT Super 60 -300', 'NULL', 'Trắng', '1', 'NULL', 'NULL', NULL, 'images/img/_14_1593.JPG', 'NULL', 'NULL', 'NULL', 'NULL', 'NULL', 'NULL', 'NULL', 'NULL', 'NULL', 'NULL', 'NULL', 'NULL', 'NULL', 'NULL', 'NULL', 'NULL', 'NULL', 'NULL', 'NULL', NULL, NULL),
('00002', 'Daiwa T3 MX', '01', '0102', 'Dai', 'Máy câu', 'Máy ngang', 'Daiwa', 'user1', 'Tuấn', '2016-04-12', 'A', '90%', 'NULL', 'NULL', 'Đen', '1', 'NULL', 'NULL', NULL, 'images/img/_14_1594.JPG', 'NULL', 'NULL', '190', 'NULL', 'NULL', 'NULL', 'NULL', 'NULL', 'NULL', 'NULL', 'NULL', 'NULL', 'NULL', 'NULL', '8.1:1', '5kg', '7', 'NULL', 'NULL', NULL, NULL),
('00003', 'Daiwa Emblem 5000C', '01', '0101', 'Dai', 'Máy câu', 'Máy đứng', 'Daiwa', 'user1', 'Tuấn', '2016-04-12', 'A', '90%', 'NULL', 'NULL', 'Bạc, vàng', '1', 'NULL', 'NULL', NULL, 'images/img/_14_1595.JPG', 'NULL', 'NULL', '240', 'NULL', 'NULL', 'NULL', 'NULL', 'NULL', 'NULL', 'NULL', 'NULL', 'NULL', 'NULL', 'NULL', '4.8:1', '7kg', '6', 'NULL', 'NULL', NULL, NULL),
('00004', 'Rebar X8', '03', '0301', 'Reb', 'NULL', 'NULL', 'NULL', 'NULL', 'NULL', '2016-04-12', 'NULL', 'NULL', 'NULL', 'NULL', '5 màu', '1', 'NULL', 'NULL', NULL, 'images/img/_14_1596.JPG', 'NULL', '100m', 'NULL', 'NULL', 'NULL', 'NULL', 'NULL', 'NULL', 'NULL', 'NULL', 'NULL', 'NULL', 'NULL', 'NULL', 'NULL', 'NULL', 'NULL', 'NULL', '2.0', NULL, NULL),
('00001', 'NFT Super 60 - 300', '02', '0204', 'NFT', 'Cần câu', 'Cần 3 khúc sông hồ', 'NFT', 'user1', 'Tuấn', '2016-04-12', 'A', '90%', 'NFT Super 60 -300', 'NULL', 'Trắng', '1', 'NULL', 'NULL', NULL, 'images/img/_14_1593.JPG', 'NULL', 'NULL', 'NULL', 'NULL', 'NULL', 'NULL', 'NULL', 'NULL', 'NULL', 'NULL', 'NULL', 'NULL', 'NULL', 'NULL', 'NULL', 'NULL', 'NULL', 'NULL', 'NULL', NULL, NULL),
('00002', 'Daiwa T3 MX', '01', '0102', 'Dai', 'Máy câu', 'Máy ngang', 'Daiwa', 'user1', 'Tuấn', '2016-04-12', 'A', '90%', 'NULL', 'NULL', 'Đen', '1', 'NULL', 'NULL', NULL, 'images/img/_14_1594.JPG', 'NULL', 'NULL', '190', 'NULL', 'NULL', 'NULL', 'NULL', 'NULL', 'NULL', 'NULL', 'NULL', 'NULL', 'NULL', 'NULL', '8.1:1', '5kg', '7', 'NULL', 'NULL', NULL, NULL),
('00003', 'Daiwa Emblem 5000C', '01', '0101', 'Dai', 'Máy câu', 'Máy đứng', 'Daiwa', 'user1', 'Tuấn', '2016-04-12', 'A', '90%', 'NULL', 'NULL', 'Bạc, vàng', '1', 'NULL', 'NULL', NULL, 'images/img/_14_1595.JPG', 'NULL', 'NULL', '240', 'NULL', 'NULL', 'NULL', 'NULL', 'NULL', 'NULL', 'NULL', 'NULL', 'NULL', 'NULL', 'NULL', '4.8:1', '7kg', '6', 'NULL', 'NULL', NULL, NULL),
('00004', 'Rebar X8', '03', '0301', 'Reb', 'NULL', 'NULL', 'NULL', 'NULL', 'NULL', '2016-04-12', 'NULL', 'NULL', 'NULL', 'NULL', '5 màu', '1', 'NULL', 'NULL', NULL, 'images/img/_14_1596.JPG', 'NULL', '100m', 'NULL', 'NULL', 'NULL', 'NULL', 'NULL', 'NULL', 'NULL', 'NULL', 'NULL', 'NULL', 'NULL', 'NULL', 'NULL', 'NULL', 'NULL', 'NULL', '2.0', NULL, NULL),
('00001', 'NFT Super 60 - 300', '02', '0204', 'NFT', 'Cần câu', 'Cần 3 khúc sông hồ', 'NFT', 'user1', 'Tuấn', '2016-04-12', 'A', '90%', 'NFT Super 60 -300', 'NULL', 'Trắng', '1', 'NULL', 'NULL', NULL, 'images/img/_14_1593.JPG', 'NULL', 'NULL', 'NULL', 'NULL', 'NULL', 'NULL', 'NULL', 'NULL', 'NULL', 'NULL', 'NULL', 'NULL', 'NULL', 'NULL', 'NULL', 'NULL', 'NULL', 'NULL', 'NULL', NULL, NULL),
('00002', 'Daiwa T3 MX', '01', '0102', 'Dai', 'Máy câu', 'Máy ngang', 'Daiwa', 'user1', 'Tuấn', '2016-04-12', 'A', '90%', 'NULL', 'NULL', 'Đen', '1', 'NULL', 'NULL', NULL, 'images/img/_14_1594.JPG', 'NULL', 'NULL', '190', 'NULL', 'NULL', 'NULL', 'NULL', 'NULL', 'NULL', 'NULL', 'NULL', 'NULL', 'NULL', 'NULL', '8.1:1', '5kg', '7', 'NULL', 'NULL', NULL, NULL),
('00003', 'Daiwa Emblem 5000C', '01', '0101', 'Dai', 'Máy câu', 'Máy đứng', 'Daiwa', 'user1', 'Tuấn', '2016-04-12', 'A', '90%', 'NULL', 'NULL', 'Bạc, vàng', '1', 'NULL', 'NULL', NULL, 'images/img/_14_1595.JPG', 'NULL', 'NULL', '240', 'NULL', 'NULL', 'NULL', 'NULL', 'NULL', 'NULL', 'NULL', 'NULL', 'NULL', 'NULL', 'NULL', '4.8:1', '7kg', '6', 'NULL', 'NULL', NULL, NULL),
('00004', 'Rebar X8', '03', '0301', 'Reb', 'NULL', 'NULL', 'NULL', 'NULL', 'NULL', '2016-04-12', 'NULL', 'NULL', 'NULL', 'NULL', '5 màu', '1', 'NULL', 'NULL', NULL, 'images/img/_14_1596.JPG', 'NULL', '100m', 'NULL', 'NULL', 'NULL', 'NULL', 'NULL', 'NULL', 'NULL', 'NULL', 'NULL', 'NULL', 'NULL', 'NULL', 'NULL', 'NULL', 'NULL', 'NULL', '2.0', NULL, NULL),
('00001', 'NFT Super 60 - 300', '02', '0204', 'NFT', 'Cần câu', 'Cần 3 khúc sông hồ', 'NFT', 'user1', 'Tuấn', '2016-04-12', 'A', '90%', 'NFT Super 60 -300', 'NULL', 'Trắng', '1', 'NULL', 'NULL', NULL, 'images/img/_14_1593.JPG', 'NULL', 'NULL', 'NULL', 'NULL', 'NULL', 'NULL', 'NULL', 'NULL', 'NULL', 'NULL', 'NULL', 'NULL', 'NULL', 'NULL', 'NULL', 'NULL', 'NULL', 'NULL', 'NULL', NULL, NULL),
('00002', 'Daiwa T3 MX', '01', '0102', 'Dai', 'Máy câu', 'Máy ngang', 'Daiwa', 'user1', 'Tuấn', '2016-04-12', 'A', '90%', 'NULL', 'NULL', 'Đen', '1', 'NULL', 'NULL', NULL, 'images/img/_14_1594.JPG', 'NULL', 'NULL', '190', 'NULL', 'NULL', 'NULL', 'NULL', 'NULL', 'NULL', 'NULL', 'NULL', 'NULL', 'NULL', 'NULL', '8.1:1', '5kg', '7', 'NULL', 'NULL', NULL, NULL),
('00003', 'Daiwa Emblem 5000C', '01', '0101', 'Dai', 'Máy câu', 'Máy đứng', 'Daiwa', 'user1', 'Tuấn', '2016-04-12', 'A', '90%', 'NULL', 'NULL', 'Bạc, vàng', '1', 'NULL', 'NULL', NULL, 'images/img/_14_1595.JPG', 'NULL', 'NULL', '240', 'NULL', 'NULL', 'NULL', 'NULL', 'NULL', 'NULL', 'NULL', 'NULL', 'NULL', 'NULL', 'NULL', '4.8:1', '7kg', '6', 'NULL', 'NULL', NULL, NULL),
('00004', 'Rebar X8', '03', '0301', 'Reb', 'NULL', 'NULL', 'NULL', 'NULL', 'NULL', '2016-04-12', 'NULL', 'NULL', 'NULL', 'NULL', '5 màu', '1', 'NULL', 'NULL', NULL, 'images/img/_14_1596.JPG', 'NULL', '100m', 'NULL', 'NULL', 'NULL', 'NULL', 'NULL', 'NULL', 'NULL', 'NULL', 'NULL', 'NULL', 'NULL', 'NULL', 'NULL', 'NULL', 'NULL', 'NULL', '2.0', NULL, NULL),
('00001', 'NFT Super 60 - 300', '02', '0204', 'NFT', 'Cần câu', 'Cần 3 khúc sông hồ', 'NFT', 'user1', 'Tuấn', '2016-04-12', 'A', '90%', 'NFT Super 60 -300', 'NULL', 'Trắng', '1', 'NULL', 'NULL', NULL, 'images/img/_14_1593.JPG', 'NULL', 'NULL', 'NULL', 'NULL', 'NULL', 'NULL', 'NULL', 'NULL', 'NULL', 'NULL', 'NULL', 'NULL', 'NULL', 'NULL', 'NULL', 'NULL', 'NULL', 'NULL', 'NULL', NULL, NULL),
('00002', 'Daiwa T3 MX', '01', '0102', 'Dai', 'Máy câu', 'Máy ngang', 'Daiwa', 'user1', 'Tuấn', '2016-04-12', 'A', '90%', 'NULL', 'NULL', 'Đen', '1', 'NULL', 'NULL', NULL, 'images/img/_14_1594.JPG', 'NULL', 'NULL', '190', 'NULL', 'NULL', 'NULL', 'NULL', 'NULL', 'NULL', 'NULL', 'NULL', 'NULL', 'NULL', 'NULL', '8.1:1', '5kg', '7', 'NULL', 'NULL', NULL, NULL),
('00003', 'Daiwa Emblem 5000C', '01', '0101', 'Dai', 'Máy câu', 'Máy đứng', 'Daiwa', 'user1', 'Tuấn', '2016-04-12', 'A', '90%', 'NULL', 'NULL', 'Bạc, vàng', '1', 'NULL', 'NULL', NULL, 'images/img/_14_1595.JPG', 'NULL', 'NULL', '240', 'NULL', 'NULL', 'NULL', 'NULL', 'NULL', 'NULL', 'NULL', 'NULL', 'NULL', 'NULL', 'NULL', '4.8:1', '7kg', '6', 'NULL', 'NULL', NULL, NULL),
('00004', 'Rebar X8', '03', '0301', 'Reb', 'NULL', 'NULL', 'NULL', 'NULL', 'NULL', '2016-04-12', 'NULL', 'NULL', 'NULL', 'NULL', '5 màu', '1', 'NULL', 'NULL', NULL, 'images/img/_14_1596.JPG', 'NULL', '100m', 'NULL', 'NULL', 'NULL', 'NULL', 'NULL', 'NULL', 'NULL', 'NULL', 'NULL', 'NULL', 'NULL', 'NULL', 'NULL', 'NULL', 'NULL', 'NULL', '2.0', NULL, NULL),
('00001', 'NFT Super 60 - 300', '02', '0204', 'NFT', 'Cần câu', 'Cần 3 khúc sông hồ', 'NFT', 'user1', 'Tuấn', '2016-04-12', 'A', '90%', 'NFT Super 60 -300', 'NULL', 'Trắng', '1', 'NULL', 'NULL', NULL, 'images/img/_14_1593.JPG', 'NULL', 'NULL', 'NULL', 'NULL', 'NULL', 'NULL', 'NULL', 'NULL', 'NULL', 'NULL', 'NULL', 'NULL', 'NULL', 'NULL', 'NULL', 'NULL', 'NULL', 'NULL', 'NULL', NULL, NULL),
('00002', 'Daiwa T3 MX', '01', '0102', 'Dai', 'Máy câu', 'Máy ngang', 'Daiwa', 'user1', 'Tuấn', '2016-04-12', 'A', '90%', 'NULL', 'NULL', 'Đen', '1', 'NULL', 'NULL', NULL, 'images/img/_14_1594.JPG', 'NULL', 'NULL', '190', 'NULL', 'NULL', 'NULL', 'NULL', 'NULL', 'NULL', 'NULL', 'NULL', 'NULL', 'NULL', 'NULL', '8.1:1', '5kg', '7', 'NULL', 'NULL', NULL, NULL),
('00003', 'Daiwa Emblem 5000C', '01', '0101', 'Dai', 'Máy câu', 'Máy đứng', 'Daiwa', 'user1', 'Tuấn', '2016-04-12', 'A', '90%', 'NULL', 'NULL', 'Bạc, vàng', '1', 'NULL', 'NULL', NULL, 'images/img/_14_1595.JPG', 'NULL', 'NULL', '240', 'NULL', 'NULL', 'NULL', 'NULL', 'NULL', 'NULL', 'NULL', 'NULL', 'NULL', 'NULL', 'NULL', '4.8:1', '7kg', '6', 'NULL', 'NULL', NULL, NULL),
('00004', 'Rebar X8', '03', '0301', 'Reb', 'NULL', 'NULL', 'NULL', 'NULL', 'NULL', '2016-04-12', 'NULL', 'NULL', 'NULL', 'NULL', '5 màu', '1', 'NULL', 'NULL', NULL, 'images/img/_14_1596.JPG', 'NULL', '100m', 'NULL', 'NULL', 'NULL', 'NULL', 'NULL', 'NULL', 'NULL', 'NULL', 'NULL', 'NULL', 'NULL', 'NULL', 'NULL', 'NULL', 'NULL', 'NULL', '2.0', NULL, NULL),
('00001', 'NFT Super 60 - 300', '02', '0204', 'NFT', 'Cần câu', 'Cần 3 khúc sông hồ', 'NFT', 'user1', 'Tuấn', '2016-04-12', 'A', '90%', 'NFT Super 60 -300', 'NULL', 'Trắng', '1', 'NULL', 'NULL', NULL, 'images/img/_14_1593.JPG', 'NULL', 'NULL', 'NULL', 'NULL', 'NULL', 'NULL', 'NULL', 'NULL', 'NULL', 'NULL', 'NULL', 'NULL', 'NULL', 'NULL', 'NULL', 'NULL', 'NULL', 'NULL', 'NULL', NULL, NULL),
('00002', 'Daiwa T3 MX', '01', '0102', 'Dai', 'Máy câu', 'Máy ngang', 'Daiwa', 'user1', 'Tuấn', '2016-04-12', 'A', '90%', 'NULL', 'NULL', 'Đen', '1', 'NULL', 'NULL', NULL, 'images/img/_14_1594.JPG', 'NULL', 'NULL', '190', 'NULL', 'NULL', 'NULL', 'NULL', 'NULL', 'NULL', 'NULL', 'NULL', 'NULL', 'NULL', 'NULL', '8.1:1', '5kg', '7', 'NULL', 'NULL', NULL, NULL),
('00003', 'Daiwa Emblem 5000C', '01', '0101', 'Dai', 'Máy câu', 'Máy đứng', 'Daiwa', 'user1', 'Tuấn', '2016-04-12', 'A', '90%', 'NULL', 'NULL', 'Bạc, vàng', '1', 'NULL', 'NULL', NULL, 'images/img/_14_1595.JPG', 'NULL', 'NULL', '240', 'NULL', 'NULL', 'NULL', 'NULL', 'NULL', 'NULL', 'NULL', 'NULL', 'NULL', 'NULL', 'NULL', '4.8:1', '7kg', '6', 'NULL', 'NULL', NULL, NULL),
('00004', 'Rebar X8', '03', '0301', 'Reb', 'NULL', 'NULL', 'NULL', 'NULL', 'NULL', '2016-04-12', 'NULL', 'NULL', 'NULL', 'NULL', '5 màu', '1', 'NULL', 'NULL', NULL, 'images/img/_14_1596.JPG', 'NULL', '100m', 'NULL', 'NULL', 'NULL', 'NULL', 'NULL', 'NULL', 'NULL', 'NULL', 'NULL', 'NULL', 'NULL', 'NULL', 'NULL', 'NULL', 'NULL', 'NULL', '2.0', NULL, NULL),
('00001', 'NFT Super 60 - 300', '02', '0204', 'NFT', 'Cần câu', 'Cần 3 khúc sông hồ', 'NFT', 'user1', 'Tuấn', '2016-04-12', 'A', '90%', 'NFT Super 60 -300', 'NULL', 'Trắng', '1', 'NULL', 'NULL', NULL, 'images/img/_14_1593.JPG', 'NULL', 'NULL', 'NULL', 'NULL', 'NULL', 'NULL', 'NULL', 'NULL', 'NULL', 'NULL', 'NULL', 'NULL', 'NULL', 'NULL', 'NULL', 'NULL', 'NULL', 'NULL', 'NULL', NULL, NULL),
('00002', 'Daiwa T3 MX', '01', '0102', 'Dai', 'Máy câu', 'Máy ngang', 'Daiwa', 'user1', 'Tuấn', '2016-04-12', 'A', '90%', 'NULL', 'NULL', 'Đen', '1', 'NULL', 'NULL', NULL, 'images/img/_14_1594.JPG', 'NULL', 'NULL', '190', 'NULL', 'NULL', 'NULL', 'NULL', 'NULL', 'NULL', 'NULL', 'NULL', 'NULL', 'NULL', 'NULL', '8.1:1', '5kg', '7', 'NULL', 'NULL', NULL, NULL),
('00003', 'Daiwa Emblem 5000C', '01', '0101', 'Dai', 'Máy câu', 'Máy đứng', 'Daiwa', 'user1', 'Tuấn', '2016-04-12', 'A', '90%', 'NULL', 'NULL', 'Bạc, vàng', '1', 'NULL', 'NULL', NULL, 'images/img/_14_1595.JPG', 'NULL', 'NULL', '240', 'NULL', 'NULL', 'NULL', 'NULL', 'NULL', 'NULL', 'NULL', 'NULL', 'NULL', 'NULL', 'NULL', '4.8:1', '7kg', '6', 'NULL', 'NULL', NULL, NULL),
('00004', 'Rebar X8', '03', '0301', 'Reb', 'NULL', 'NULL', 'NULL', 'NULL', 'NULL', '2016-04-12', 'NULL', 'NULL', 'NULL', 'NULL', '5 màu', '1', 'NULL', 'NULL', NULL, 'images/img/_14_1596.JPG', 'NULL', '100m', 'NULL', 'NULL', 'NULL', 'NULL', 'NULL', 'NULL', 'NULL', 'NULL', 'NULL', 'NULL', 'NULL', 'NULL', 'NULL', 'NULL', 'NULL', 'NULL', '2.0', NULL, NULL),
('00001', 'NFT Super 60 - 300', '02', '0204', 'NFT', 'Cần câu', 'Cần 3 khúc sông hồ', 'NFT', 'user1', 'Tuấn', '2016-04-12', 'A', '90%', 'NFT Super 60 -300', 'NULL', 'Trắng', '1', 'NULL', 'NULL', NULL, 'images/img/_14_1593.JPG', 'NULL', 'NULL', 'NULL', 'NULL', 'NULL', 'NULL', 'NULL', 'NULL', 'NULL', 'NULL', 'NULL', 'NULL', 'NULL', 'NULL', 'NULL', 'NULL', 'NULL', 'NULL', 'NULL', NULL, NULL),
('00002', 'Daiwa T3 MX', '01', '0102', 'Dai', 'Máy câu', 'Máy ngang', 'Daiwa', 'user1', 'Tuấn', '2016-04-12', 'A', '90%', 'NULL', 'NULL', 'Đen', '1', 'NULL', 'NULL', NULL, 'images/img/_14_1594.JPG', 'NULL', 'NULL', '190', 'NULL', 'NULL', 'NULL', 'NULL', 'NULL', 'NULL', 'NULL', 'NULL', 'NULL', 'NULL', 'NULL', '8.1:1', '5kg', '7', 'NULL', 'NULL', NULL, NULL),
('00003', 'Daiwa Emblem 5000C', '01', '0101', 'Dai', 'Máy câu', 'Máy đứng', 'Daiwa', 'user1', 'Tuấn', '2016-04-12', 'A', '90%', 'NULL', 'NULL', 'Bạc, vàng', '1', 'NULL', 'NULL', NULL, 'images/img/_14_1595.JPG', 'NULL', 'NULL', '240', 'NULL', 'NULL', 'NULL', 'NULL', 'NULL', 'NULL', 'NULL', 'NULL', 'NULL', 'NULL', 'NULL', '4.8:1', '7kg', '6', 'NULL', 'NULL', NULL, NULL),
('00004', 'Rebar X8', '03', '0301', 'Reb', 'NULL', 'NULL', 'NULL', 'NULL', 'NULL', '2016-04-12', 'NULL', 'NULL', 'NULL', 'NULL', '5 màu', '1', 'NULL', 'NULL', NULL, 'images/img/_14_1596.JPG', 'NULL', '100m', 'NULL', 'NULL', 'NULL', 'NULL', 'NULL', 'NULL', 'NULL', 'NULL', 'NULL', 'NULL', 'NULL', 'NULL', 'NULL', 'NULL', 'NULL', 'NULL', '2.0', NULL, NULL),
('00001', 'NFT Super 60 - 300', '02', '0204', 'NFT', 'Cần câu', 'Cần 3 khúc sông hồ', 'NFT', 'user1', 'Tuấn', '2016-04-12', 'A', '90%', 'NFT Super 60 -300', 'NULL', 'Trắng', '1', 'NULL', 'NULL', NULL, 'images/img/_14_1593.JPG', 'NULL', 'NULL', 'NULL', 'NULL', 'NULL', 'NULL', 'NULL', 'NULL', 'NULL', 'NULL', 'NULL', 'NULL', 'NULL', 'NULL', 'NULL', 'NULL', 'NULL', 'NULL', 'NULL', NULL, NULL),
('00002', 'Daiwa T3 MX', '01', '0102', 'Dai', 'Máy câu', 'Máy ngang', 'Daiwa', 'user1', 'Tuấn', '2016-04-12', 'A', '90%', 'NULL', 'NULL', 'Đen', '1', 'NULL', 'NULL', NULL, 'images/img/_14_1594.JPG', 'NULL', 'NULL', '190', 'NULL', 'NULL', 'NULL', 'NULL', 'NULL', 'NULL', 'NULL', 'NULL', 'NULL', 'NULL', 'NULL', '8.1:1', '5kg', '7', 'NULL', 'NULL', NULL, NULL),
('00003', 'Daiwa Emblem 5000C', '01', '0101', 'Dai', 'Máy câu', 'Máy đứng', 'Daiwa', 'user1', 'Tuấn', '2016-04-12', 'A', '90%', 'NULL', 'NULL', 'Bạc, vàng', '1', 'NULL', 'NULL', NULL, 'images/img/_14_1595.JPG', 'NULL', 'NULL', '240', 'NULL', 'NULL', 'NULL', 'NULL', 'NULL', 'NULL', 'NULL', 'NULL', 'NULL', 'NULL', 'NULL', '4.8:1', '7kg', '6', 'NULL', 'NULL', NULL, NULL),
('00004', 'Rebar X8', '03', '0301', 'Reb', 'NULL', 'NULL', 'NULL', 'NULL', 'NULL', '2016-04-12', 'NULL', 'NULL', 'NULL', 'NULL', '5 màu', '1', 'NULL', 'NULL', NULL, 'images/img/_14_1596.JPG', 'NULL', '100m', 'NULL', 'NULL', 'NULL', 'NULL', 'NULL', 'NULL', 'NULL', 'NULL', 'NULL', 'NULL', 'NULL', 'NULL', 'NULL', 'NULL', 'NULL', 'NULL', '2.0', NULL, NULL),
('00001', 'NFT Super 60 - 300', '02', '0204', 'NFT', 'Cần câu', 'Cần 3 khúc sông hồ', 'NFT', 'user1', 'Tuấn', '2016-04-12', 'A', '90%', 'NFT Super 60 -300', 'NULL', 'Trắng', '1', 'NULL', 'NULL', NULL, 'images/img/_14_1593.JPG', 'NULL', 'NULL', 'NULL', 'NULL', 'NULL', 'NULL', 'NULL', 'NULL', 'NULL', 'NULL', 'NULL', 'NULL', 'NULL', 'NULL', 'NULL', 'NULL', 'NULL', 'NULL', 'NULL', NULL, NULL),
('00002', 'Daiwa T3 MX', '01', '0102', 'Dai', 'Máy câu', 'Máy ngang', 'Daiwa', 'user1', 'Tuấn', '2016-04-12', 'A', '90%', 'NULL', 'NULL', 'Đen', '1', 'NULL', 'NULL', NULL, 'images/img/_14_1594.JPG', 'NULL', 'NULL', '190', 'NULL', 'NULL', 'NULL', 'NULL', 'NULL', 'NULL', 'NULL', 'NULL', 'NULL', 'NULL', 'NULL', '8.1:1', '5kg', '7', 'NULL', 'NULL', NULL, NULL),
('00003', 'Daiwa Emblem 5000C', '01', '0101', 'Dai', 'Máy câu', 'Máy đứng', 'Daiwa', 'user1', 'Tuấn', '2016-04-12', 'A', '90%', 'NULL', 'NULL', 'Bạc, vàng', '1', 'NULL', 'NULL', NULL, 'images/img/_14_1595.JPG', 'NULL', 'NULL', '240', 'NULL', 'NULL', 'NULL', 'NULL', 'NULL', 'NULL', 'NULL', 'NULL', 'NULL', 'NULL', 'NULL', '4.8:1', '7kg', '6', 'NULL', 'NULL', NULL, NULL),
('00004', 'Rebar X8', '03', '0301', 'Reb', 'NULL', 'NULL', 'NULL', 'NULL', 'NULL', '2016-04-12', 'NULL', 'NULL', 'NULL', 'NULL', '5 màu', '1', 'NULL', 'NULL', NULL, 'images/img/_14_1596.JPG', 'NULL', '100m', 'NULL', 'NULL', 'NULL', 'NULL', 'NULL', 'NULL', 'NULL', 'NULL', 'NULL', 'NULL', 'NULL', 'NULL', 'NULL', 'NULL', 'NULL', 'NULL', '2.0', NULL, NULL),
('00001', 'NFT Super 60 - 300', '02', '0204', 'NFT', 'Cần câu', 'Cần 3 khúc sông hồ', 'NFT', 'user1', 'Tuấn', '2016-04-12', 'A', '90%', 'NFT Super 60 -300', 'NULL', 'Trắng', '1', 'NULL', 'NULL', NULL, 'images/img/_14_1593.JPG', 'NULL', 'NULL', 'NULL', 'NULL', 'NULL', 'NULL', 'NULL', 'NULL', 'NULL', 'NULL', 'NULL', 'NULL', 'NULL', 'NULL', 'NULL', 'NULL', 'NULL', 'NULL', 'NULL', NULL, NULL),
('00002', 'Daiwa T3 MX', '01', '0102', 'Dai', 'Máy câu', 'Máy ngang', 'Daiwa', 'user1', 'Tuấn', '2016-04-12', 'A', '90%', 'NULL', 'NULL', 'Đen', '1', 'NULL', 'NULL', NULL, 'images/img/_14_1594.JPG', 'NULL', 'NULL', '190', 'NULL', 'NULL', 'NULL', 'NULL', 'NULL', 'NULL', 'NULL', 'NULL', 'NULL', 'NULL', 'NULL', '8.1:1', '5kg', '7', 'NULL', 'NULL', NULL, NULL),
('00003', 'Daiwa Emblem 5000C', '01', '0101', 'Dai', 'Máy câu', 'Máy đứng', 'Daiwa', 'user1', 'Tuấn', '2016-04-12', 'A', '90%', 'NULL', 'NULL', 'Bạc, vàng', '1', 'NULL', 'NULL', NULL, 'images/img/_14_1595.JPG', 'NULL', 'NULL', '240', 'NULL', 'NULL', 'NULL', 'NULL', 'NULL', 'NULL', 'NULL', 'NULL', 'NULL', 'NULL', 'NULL', '4.8:1', '7kg', '6', 'NULL', 'NULL', NULL, NULL),
('00004', 'Rebar X8', '03', '0301', 'Reb', 'NULL', 'NULL', 'NULL', 'NULL', 'NULL', '2016-04-12', 'NULL', 'NULL', 'NULL', 'NULL', '5 màu', '1', 'NULL', 'NULL', NULL, 'images/img/_14_1596.JPG', 'NULL', '100m', 'NULL', 'NULL', 'NULL', 'NULL', 'NULL', 'NULL', 'NULL', 'NULL', 'NULL', 'NULL', 'NULL', 'NULL', 'NULL', 'NULL', 'NULL', 'NULL', '2.0', NULL, NULL),
('00001', 'NFT Super 60 - 300', '02', '0204', 'NFT', 'Cần câu', 'Cần 3 khúc sông hồ', 'NFT', 'user1', 'Tuấn', '2016-04-12', 'A', '90%', 'NFT Super 60 -300', 'NULL', 'Trắng', '1', 'NULL', 'NULL', NULL, 'images/img/_14_1593.JPG', 'NULL', 'NULL', 'NULL', 'NULL', 'NULL', 'NULL', 'NULL', 'NULL', 'NULL', 'NULL', 'NULL', 'NULL', 'NULL', 'NULL', 'NULL', 'NULL', 'NULL', 'NULL', 'NULL', NULL, NULL),
('00002', 'Daiwa T3 MX', '01', '0102', 'Dai', 'Máy câu', 'Máy ngang', 'Daiwa', 'user1', 'Tuấn', '2016-04-12', 'A', '90%', 'NULL', 'NULL', 'Đen', '1', 'NULL', 'NULL', NULL, 'images/img/_14_1594.JPG', 'NULL', 'NULL', '190', 'NULL', 'NULL', 'NULL', 'NULL', 'NULL', 'NULL', 'NULL', 'NULL', 'NULL', 'NULL', 'NULL', '8.1:1', '5kg', '7', 'NULL', 'NULL', NULL, NULL),
('00003', 'Daiwa Emblem 5000C', '01', '0101', 'Dai', 'Máy câu', 'Máy đứng', 'Daiwa', 'user1', 'Tuấn', '2016-04-12', 'A', '90%', 'NULL', 'NULL', 'Bạc, vàng', '1', 'NULL', 'NULL', NULL, 'images/img/_14_1595.JPG', 'NULL', 'NULL', '240', 'NULL', 'NULL', 'NULL', 'NULL', 'NULL', 'NULL', 'NULL', 'NULL', 'NULL', 'NULL', 'NULL', '4.8:1', '7kg', '6', 'NULL', 'NULL', NULL, NULL),
('00004', 'Rebar X8', '03', '0301', 'Reb', 'NULL', 'NULL', 'NULL', 'NULL', 'NULL', '2016-04-12', 'NULL', 'NULL', 'NULL', 'NULL', '5 màu', '1', 'NULL', 'NULL', NULL, 'images/img/_14_1596.JPG', 'NULL', '100m', 'NULL', 'NULL', 'NULL', 'NULL', 'NULL', 'NULL', 'NULL', 'NULL', 'NULL', 'NULL', 'NULL', 'NULL', 'NULL', 'NULL', 'NULL', 'NULL', '2.0', NULL, NULL),
('00001', 'NFT Super 60 - 300', '02', '0204', 'NFT', 'Cần câu', 'Cần 3 khúc sông hồ', 'NFT', 'user1', 'Tuấn', '2016-04-12', 'A', '90%', 'NFT Super 60 -300', 'NULL', 'Trắng', '1', 'NULL', 'NULL', NULL, 'images/img/_14_1593.JPG', 'NULL', 'NULL', 'NULL', 'NULL', 'NULL', 'NULL', 'NULL', 'NULL', 'NULL', 'NULL', 'NULL', 'NULL', 'NULL', 'NULL', 'NULL', 'NULL', 'NULL', 'NULL', 'NULL', NULL, NULL),
('00002', 'Daiwa T3 MX', '01', '0102', 'Dai', 'Máy câu', 'Máy ngang', 'Daiwa', 'user1', 'Tuấn', '2016-04-12', 'A', '90%', 'NULL', 'NULL', 'Đen', '1', 'NULL', 'NULL', NULL, 'images/img/_14_1594.JPG', 'NULL', 'NULL', '190', 'NULL', 'NULL', 'NULL', 'NULL', 'NULL', 'NULL', 'NULL', 'NULL', 'NULL', 'NULL', 'NULL', '8.1:1', '5kg', '7', 'NULL', 'NULL', NULL, NULL),
('00003', 'Daiwa Emblem 5000C', '01', '0101', 'Dai', 'Máy câu', 'Máy đứng', 'Daiwa', 'user1', 'Tuấn', '2016-04-12', 'A', '90%', 'NULL', 'NULL', 'Bạc, vàng', '1', 'NULL', 'NULL', NULL, 'images/img/_14_1595.JPG', 'NULL', 'NULL', '240', 'NULL', 'NULL', 'NULL', 'NULL', 'NULL', 'NULL', 'NULL', 'NULL', 'NULL', 'NULL', 'NULL', '4.8:1', '7kg', '6', 'NULL', 'NULL', NULL, NULL),
('00004', 'Rebar X8', '03', '0301', 'Reb', 'NULL', 'NULL', 'NULL', 'NULL', 'NULL', '2016-04-12', 'NULL', 'NULL', 'NULL', 'NULL', '5 màu', '1', 'NULL', 'NULL', NULL, 'images/img/_14_1596.JPG', 'NULL', '100m', 'NULL', 'NULL', 'NULL', 'NULL', 'NULL', 'NULL', 'NULL', 'NULL', 'NULL', 'NULL', 'NULL', 'NULL', 'NULL', 'NULL', 'NULL', 'NULL', '2.0', NULL, NULL),
('00001', 'NFT Super 60 - 300', '02', '0204', 'NFT', 'Cần câu', 'Cần 3 khúc sông hồ', 'NFT', 'user1', 'Tuấn', '2016-04-12', 'A', '90%', 'NFT Super 60 -300', 'NULL', 'Trắng', '1', 'NULL', 'NULL', NULL, 'images/img/_14_1593.JPG', 'NULL', 'NULL', 'NULL', 'NULL', 'NULL', 'NULL', 'NULL', 'NULL', 'NULL', 'NULL', 'NULL', 'NULL', 'NULL', 'NULL', 'NULL', 'NULL', 'NULL', 'NULL', 'NULL', NULL, NULL),
('00002', 'Daiwa T3 MX', '01', '0102', 'Dai', 'Máy câu', 'Máy ngang', 'Daiwa', 'user1', 'Tuấn', '2016-04-12', 'A', '90%', 'NULL', 'NULL', 'Đen', '1', 'NULL', 'NULL', NULL, 'images/img/_14_1594.JPG', 'NULL', 'NULL', '190', 'NULL', 'NULL', 'NULL', 'NULL', 'NULL', 'NULL', 'NULL', 'NULL', 'NULL', 'NULL', 'NULL', '8.1:1', '5kg', '7', 'NULL', 'NULL', NULL, NULL),
('00003', 'Daiwa Emblem 5000C', '01', '0101', 'Dai', 'Máy câu', 'Máy đứng', 'Daiwa', 'user1', 'Tuấn', '2016-04-12', 'A', '90%', 'NULL', 'NULL', 'Bạc, vàng', '1', 'NULL', 'NULL', NULL, 'images/img/_14_1595.JPG', 'NULL', 'NULL', '240', 'NULL', 'NULL', 'NULL', 'NULL', 'NULL', 'NULL', 'NULL', 'NULL', 'NULL', 'NULL', 'NULL', '4.8:1', '7kg', '6', 'NULL', 'NULL', NULL, NULL),
('00004', 'Rebar X8', '03', '0301', 'Reb', 'NULL', 'NULL', 'NULL', 'NULL', 'NULL', '2016-04-12', 'NULL', 'NULL', 'NULL', 'NULL', '5 màu', '1', 'NULL', 'NULL', NULL, 'images/img/_14_1596.JPG', 'NULL', '100m', 'NULL', 'NULL', 'NULL', 'NULL', 'NULL', 'NULL', 'NULL', 'NULL', 'NULL', 'NULL', 'NULL', 'NULL', 'NULL', 'NULL', 'NULL', 'NULL', '2.0', NULL, NULL),
('00001', 'NFT Super 60 - 300', '02', '0204', 'NFT', 'Cần câu', 'Cần 3 khúc sông hồ', 'NFT', 'user1', 'Tuấn', '2016-04-12', 'A', '90%', 'NFT Super 60 -300', 'NULL', 'Trắng', '1', 'NULL', 'NULL', NULL, 'images/img/_14_1593.JPG', 'NULL', 'NULL', 'NULL', 'NULL', 'NULL', 'NULL', 'NULL', 'NULL', 'NULL', 'NULL', 'NULL', 'NULL', 'NULL', 'NULL', 'NULL', 'NULL', 'NULL', 'NULL', 'NULL', NULL, NULL),
('00002', 'Daiwa T3 MX', '01', '0102', 'Dai', 'Máy câu', 'Máy ngang', 'Daiwa', 'user1', 'Tuấn', '2016-04-12', 'A', '90%', 'NULL', 'NULL', 'Đen', '1', 'NULL', 'NULL', NULL, 'images/img/_14_1594.JPG', 'NULL', 'NULL', '190', 'NULL', 'NULL', 'NULL', 'NULL', 'NULL', 'NULL', 'NULL', 'NULL', 'NULL', 'NULL', 'NULL', '8.1:1', '5kg', '7', 'NULL', 'NULL', NULL, NULL),
('00003', 'Daiwa Emblem 5000C', '01', '0101', 'Dai', 'Máy câu', 'Máy đứng', 'Daiwa', 'user1', 'Tuấn', '2016-04-12', 'A', '90%', 'NULL', 'NULL', 'Bạc, vàng', '1', 'NULL', 'NULL', NULL, 'images/img/_14_1595.JPG', 'NULL', 'NULL', '240', 'NULL', 'NULL', 'NULL', 'NULL', 'NULL', 'NULL', 'NULL', 'NULL', 'NULL', 'NULL', 'NULL', '4.8:1', '7kg', '6', 'NULL', 'NULL', NULL, NULL),
('00004', 'Rebar X8', '03', '0301', 'Reb', 'NULL', 'NULL', 'NULL', 'NULL', 'NULL', '2016-04-12', 'NULL', 'NULL', 'NULL', 'NULL', '5 màu', '1', 'NULL', 'NULL', NULL, 'images/img/_14_1596.JPG', 'NULL', '100m', 'NULL', 'NULL', 'NULL', 'NULL', 'NULL', 'NULL', 'NULL', 'NULL', 'NULL', 'NULL', 'NULL', 'NULL', 'NULL', 'NULL', 'NULL', 'NULL', '2.0', NULL, NULL),
('00001', 'NFT Super 60 - 300', '02', '0204', 'NFT', 'Cần câu', 'Cần 3 khúc sông hồ', 'NFT', 'user1', 'Tuấn', '2016-04-12', 'A', '90%', 'NFT Super 60 -300', 'NULL', 'Trắng', '1', 'NULL', 'NULL', NULL, 'images/img/_14_1593.JPG', 'NULL', 'NULL', 'NULL', 'NULL', 'NULL', 'NULL', 'NULL', 'NULL', 'NULL', 'NULL', 'NULL', 'NULL', 'NULL', 'NULL', 'NULL', 'NULL', 'NULL', 'NULL', 'NULL', NULL, NULL),
('00002', 'Daiwa T3 MX', '01', '0102', 'Dai', 'Máy câu', 'Máy ngang', 'Daiwa', 'user1', 'Tuấn', '2016-04-12', 'A', '90%', 'NULL', 'NULL', 'Đen', '1', 'NULL', 'NULL', NULL, 'images/img/_14_1594.JPG', 'NULL', 'NULL', '190', 'NULL', 'NULL', 'NULL', 'NULL', 'NULL', 'NULL', 'NULL', 'NULL', 'NULL', 'NULL', 'NULL', '8.1:1', '5kg', '7', 'NULL', 'NULL', NULL, NULL),
('00003', 'Daiwa Emblem 5000C', '01', '0101', 'Dai', 'Máy câu', 'Máy đứng', 'Daiwa', 'user1', 'Tuấn', '2016-04-12', 'A', '90%', 'NULL', 'NULL', 'Bạc, vàng', '1', 'NULL', 'NULL', NULL, 'images/img/_14_1595.JPG', 'NULL', 'NULL', '240', 'NULL', 'NULL', 'NULL', 'NULL', 'NULL', 'NULL', 'NULL', 'NULL', 'NULL', 'NULL', 'NULL', '4.8:1', '7kg', '6', 'NULL', 'NULL', NULL, NULL),
('00004', 'Rebar X8', '03', '0301', 'Reb', 'NULL', 'NULL', 'NULL', 'NULL', 'NULL', '2016-04-12', 'NULL', 'NULL', 'NULL', 'NULL', '5 màu', '1', 'NULL', 'NULL', NULL, 'images/img/_14_1596.JPG', 'NULL', '100m', 'NULL', 'NULL', 'NULL', 'NULL', 'NULL', 'NULL', 'NULL', 'NULL', 'NULL', 'NULL', 'NULL', 'NULL', 'NULL', 'NULL', 'NULL', 'NULL', '2.0', NULL, NULL),
('00001', 'NFT Super 60 - 300', '02', '0204', 'NFT', 'Cần câu', 'Cần 3 khúc sông hồ', 'NFT', 'user1', 'Tuấn', '2016-04-12', 'A', '90%', 'NFT Super 60 -300', 'NULL', 'Trắng', '1', 'NULL', 'NULL', NULL, 'images/img/_14_1593.JPG', 'NULL', 'NULL', 'NULL', 'NULL', 'NULL', 'NULL', 'NULL', 'NULL', 'NULL', 'NULL', 'NULL', 'NULL', 'NULL', 'NULL', 'NULL', 'NULL', 'NULL', 'NULL', 'NULL', NULL, NULL),
('00002', 'Daiwa T3 MX', '01', '0102', 'Dai', 'Máy câu', 'Máy ngang', 'Daiwa', 'user1', 'Tuấn', '2016-04-12', 'A', '90%', 'NULL', 'NULL', 'Đen', '1', 'NULL', 'NULL', NULL, 'images/img/_14_1594.JPG', 'NULL', 'NULL', '190', 'NULL', 'NULL', 'NULL', 'NULL', 'NULL', 'NULL', 'NULL', 'NULL', 'NULL', 'NULL', 'NULL', '8.1:1', '5kg', '7', 'NULL', 'NULL', NULL, NULL),
('00003', 'Daiwa Emblem 5000C', '01', '0101', 'Dai', 'Máy câu', 'Máy đứng', 'Daiwa', 'user1', 'Tuấn', '2016-04-12', 'A', '90%', 'NULL', 'NULL', 'Bạc, vàng', '1', 'NULL', 'NULL', NULL, 'images/img/_14_1595.JPG', 'NULL', 'NULL', '240', 'NULL', 'NULL', 'NULL', 'NULL', 'NULL', 'NULL', 'NULL', 'NULL', 'NULL', 'NULL', 'NULL', '4.8:1', '7kg', '6', 'NULL', 'NULL', NULL, NULL),
('00004', 'Rebar X8', '03', '0301', 'Reb', 'NULL', 'NULL', 'NULL', 'NULL', 'NULL', '2016-04-12', 'NULL', 'NULL', 'NULL', 'NULL', '5 màu', '1', 'NULL', 'NULL', NULL, 'images/img/_14_1596.JPG', 'NULL', '100m', 'NULL', 'NULL', 'NULL', 'NULL', 'NULL', 'NULL', 'NULL', 'NULL', 'NULL', 'NULL', 'NULL', 'NULL', 'NULL', 'NULL', 'NULL', 'NULL', '2.0', NULL, NULL),
('00001', 'NFT Super 60 - 300', '02', '0204', 'NFT', 'Cần câu', 'Cần 3 khúc sông hồ', 'NFT', 'user1', 'Tuấn', '2016-04-12', 'A', '90%', 'NFT Super 60 -300', 'NULL', 'Trắng', '1', 'NULL', 'NULL', NULL, 'images/img/_14_1593.JPG', 'NULL', 'NULL', 'NULL', 'NULL', 'NULL', 'NULL', 'NULL', 'NULL', 'NULL', 'NULL', 'NULL', 'NULL', 'NULL', 'NULL', 'NULL', 'NULL', 'NULL', 'NULL', 'NULL', NULL, NULL),
('00002', 'Daiwa T3 MX', '01', '0102', 'Dai', 'Máy câu', 'Máy ngang', 'Daiwa', 'user1', 'Tuấn', '2016-04-12', 'A', '90%', 'NULL', 'NULL', 'Đen', '1', 'NULL', 'NULL', NULL, 'images/img/_14_1594.JPG', 'NULL', 'NULL', '190', 'NULL', 'NULL', 'NULL', 'NULL', 'NULL', 'NULL', 'NULL', 'NULL', 'NULL', 'NULL', 'NULL', '8.1:1', '5kg', '7', 'NULL', 'NULL', NULL, NULL),
('00003', 'Daiwa Emblem 5000C', '01', '0101', 'Dai', 'Máy câu', 'Máy đứng', 'Daiwa', 'user1', 'Tuấn', '2016-04-12', 'A', '90%', 'NULL', 'NULL', 'Bạc, vàng', '1', 'NULL', 'NULL', NULL, 'images/img/_14_1595.JPG', 'NULL', 'NULL', '240', 'NULL', 'NULL', 'NULL', 'NULL', 'NULL', 'NULL', 'NULL', 'NULL', 'NULL', 'NULL', 'NULL', '4.8:1', '7kg', '6', 'NULL', 'NULL', NULL, NULL),
('00004', 'Rebar X8', '03', '0301', 'Reb', 'NULL', 'NULL', 'NULL', 'NULL', 'NULL', '2016-04-12', 'NULL', 'NULL', 'NULL', 'NULL', '5 màu', '1', 'NULL', 'NULL', NULL, 'images/img/_14_1596.JPG', 'NULL', '100m', 'NULL', 'NULL', 'NULL', 'NULL', 'NULL', 'NULL', 'NULL', 'NULL', 'NULL', 'NULL', 'NULL', 'NULL', 'NULL', 'NULL', 'NULL', 'NULL', '2.0', NULL, NULL),
('00001', 'NFT Super 60 - 300', '02', '0204', 'NFT', 'Cần câu', 'Cần 3 khúc sông hồ', 'NFT', 'user1', 'Tuấn', '2016-04-12', 'A', '90%', 'NFT Super 60 -300', 'NULL', 'Trắng', '1', 'NULL', 'NULL', NULL, 'images/img/_14_1593.JPG', 'NULL', 'NULL', 'NULL', 'NULL', 'NULL', 'NULL', 'NULL', 'NULL', 'NULL', 'NULL', 'NULL', 'NULL', 'NULL', 'NULL', 'NULL', 'NULL', 'NULL', 'NULL', 'NULL', NULL, NULL),
('00002', 'Daiwa T3 MX', '01', '0102', 'Dai', 'Máy câu', 'Máy ngang', 'Daiwa', 'user1', 'Tuấn', '2016-04-12', 'A', '90%', 'NULL', 'NULL', 'Đen', '1', 'NULL', 'NULL', NULL, 'images/img/_14_1594.JPG', 'NULL', 'NULL', '190', 'NULL', 'NULL', 'NULL', 'NULL', 'NULL', 'NULL', 'NULL', 'NULL', 'NULL', 'NULL', 'NULL', '8.1:1', '5kg', '7', 'NULL', 'NULL', NULL, NULL),
('00003', 'Daiwa Emblem 5000C', '01', '0101', 'Dai', 'Máy câu', 'Máy đứng', 'Daiwa', 'user1', 'Tuấn', '2016-04-12', 'A', '90%', 'NULL', 'NULL', 'Bạc, vàng', '1', 'NULL', 'NULL', NULL, 'images/img/_14_1595.JPG', 'NULL', 'NULL', '240', 'NULL', 'NULL', 'NULL', 'NULL', 'NULL', 'NULL', 'NULL', 'NULL', 'NULL', 'NULL', 'NULL', '4.8:1', '7kg', '6', 'NULL', 'NULL', NULL, NULL),
('00004', 'Rebar X8', '03', '0301', 'Reb', 'NULL', 'NULL', 'NULL', 'NULL', 'NULL', '2016-04-12', 'NULL', 'NULL', 'NULL', 'NULL', '5 màu', '1', 'NULL', 'NULL', NULL, 'images/img/_14_1596.JPG', 'NULL', '100m', 'NULL', 'NULL', 'NULL', 'NULL', 'NULL', 'NULL', 'NULL', 'NULL', 'NULL', 'NULL', 'NULL', 'NULL', 'NULL', 'NULL', 'NULL', 'NULL', '2.0', NULL, NULL),
('00001', 'NFT Super 60 - 300', '02', '0204', 'NFT', 'Cần câu', 'Cần 3 khúc sông hồ', 'NFT', 'user1', 'Tuấn', '2016-04-12', 'A', '90%', 'NFT Super 60 -300', 'NULL', 'Trắng', '1', 'NULL', 'NULL', NULL, 'images/img/_14_1593.JPG', 'NULL', 'NULL', 'NULL', 'NULL', 'NULL', 'NULL', 'NULL', 'NULL', 'NULL', 'NULL', 'NULL', 'NULL', 'NULL', 'NULL', 'NULL', 'NULL', 'NULL', 'NULL', 'NULL', NULL, NULL),
('00002', 'Daiwa T3 MX', '01', '0102', 'Dai', 'Máy câu', 'Máy ngang', 'Daiwa', 'user1', 'Tuấn', '2016-04-12', 'A', '90%', 'NULL', 'NULL', 'Đen', '1', 'NULL', 'NULL', NULL, 'images/img/_14_1594.JPG', 'NULL', 'NULL', '190', 'NULL', 'NULL', 'NULL', 'NULL', 'NULL', 'NULL', 'NULL', 'NULL', 'NULL', 'NULL', 'NULL', '8.1:1', '5kg', '7', 'NULL', 'NULL', NULL, NULL),
('00003', 'Daiwa Emblem 5000C', '01', '0101', 'Dai', 'Máy câu', 'Máy đứng', 'Daiwa', 'user1', 'Tuấn', '2016-04-12', 'A', '90%', 'NULL', 'NULL', 'Bạc, vàng', '1', 'NULL', 'NULL', NULL, 'images/img/_14_1595.JPG', 'NULL', 'NULL', '240', 'NULL', 'NULL', 'NULL', 'NULL', 'NULL', 'NULL', 'NULL', 'NULL', 'NULL', 'NULL', 'NULL', '4.8:1', '7kg', '6', 'NULL', 'NULL', NULL, NULL),
('00004', 'Rebar X8', '03', '0301', 'Reb', 'NULL', 'NULL', 'NULL', 'NULL', 'NULL', '2016-04-12', 'NULL', 'NULL', 'NULL', 'NULL', '5 màu', '1', 'NULL', 'NULL', NULL, 'images/img/_14_1596.JPG', 'NULL', '100m', 'NULL', 'NULL', 'NULL', 'NULL', 'NULL', 'NULL', 'NULL', 'NULL', 'NULL', 'NULL', 'NULL', 'NULL', 'NULL', 'NULL', 'NULL', 'NULL', '2.0', NULL, NULL),
('00001', 'NFT Super 60 - 300', '02', '0204', 'NFT', 'Cần câu', 'Cần 3 khúc sông hồ', 'NFT', 'user1', 'Tuấn', '2016-04-12', 'A', '90%', 'NFT Super 60 -300', 'NULL', 'Trắng', '1', 'NULL', 'NULL', NULL, 'images/img/_14_1593.JPG', 'NULL', 'NULL', 'NULL', 'NULL', 'NULL', 'NULL', 'NULL', 'NULL', 'NULL', 'NULL', 'NULL', 'NULL', 'NULL', 'NULL', 'NULL', 'NULL', 'NULL', 'NULL', 'NULL', NULL, NULL),
('00002', 'Daiwa T3 MX', '01', '0102', 'Dai', 'Máy câu', 'Máy ngang', 'Daiwa', 'user1', 'Tuấn', '2016-04-12', 'A', '90%', 'NULL', 'NULL', 'Đen', '1', 'NULL', 'NULL', NULL, 'images/img/_14_1594.JPG', 'NULL', 'NULL', '190', 'NULL', 'NULL', 'NULL', 'NULL', 'NULL', 'NULL', 'NULL', 'NULL', 'NULL', 'NULL', 'NULL', '8.1:1', '5kg', '7', 'NULL', 'NULL', NULL, NULL),
('00003', 'Daiwa Emblem 5000C', '01', '0101', 'Dai', 'Máy câu', 'Máy đứng', 'Daiwa', 'user1', 'Tuấn', '2016-04-12', 'A', '90%', 'NULL', 'NULL', 'Bạc, vàng', '1', 'NULL', 'NULL', NULL, 'images/img/_14_1595.JPG', 'NULL', 'NULL', '240', 'NULL', 'NULL', 'NULL', 'NULL', 'NULL', 'NULL', 'NULL', 'NULL', 'NULL', 'NULL', 'NULL', '4.8:1', '7kg', '6', 'NULL', 'NULL', NULL, NULL),
('00004', 'Rebar X8', '03', '0301', 'Reb', 'NULL', 'NULL', 'NULL', 'NULL', 'NULL', '2016-04-12', 'NULL', 'NULL', 'NULL', 'NULL', '5 màu', '1', 'NULL', 'NULL', NULL, 'images/img/_14_1596.JPG', 'NULL', '100m', 'NULL', 'NULL', 'NULL', 'NULL', 'NULL', 'NULL', 'NULL', 'NULL', 'NULL', 'NULL', 'NULL', 'NULL', 'NULL', 'NULL', 'NULL', 'NULL', '2.0', NULL, NULL),
('00001', 'NFT Super 60 - 300', '02', '0204', 'NFT', 'Cần câu', 'Cần 3 khúc sông hồ', 'NFT', 'user1', 'Tuấn', '2016-04-12', 'A', '90%', 'NFT Super 60 -300', 'NULL', 'Trắng', '1', 'NULL', 'NULL', NULL, 'images/img/_14_1593.JPG', 'NULL', 'NULL', 'NULL', 'NULL', 'NULL', 'NULL', 'NULL', 'NULL', 'NULL', 'NULL', 'NULL', 'NULL', 'NULL', 'NULL', 'NULL', 'NULL', 'NULL', 'NULL', 'NULL', NULL, NULL),
('00002', 'Daiwa T3 MX', '01', '0102', 'Dai', 'Máy câu', 'Máy ngang', 'Daiwa', 'user1', 'Tuấn', '2016-04-12', 'A', '90%', 'NULL', 'NULL', 'Đen', '1', 'NULL', 'NULL', NULL, 'images/img/_14_1594.JPG', 'NULL', 'NULL', '190', 'NULL', 'NULL', 'NULL', 'NULL', 'NULL', 'NULL', 'NULL', 'NULL', 'NULL', 'NULL', 'NULL', '8.1:1', '5kg', '7', 'NULL', 'NULL', NULL, NULL),
('00003', 'Daiwa Emblem 5000C', '01', '0101', 'Dai', 'Máy câu', 'Máy đứng', 'Daiwa', 'user1', 'Tuấn', '2016-04-12', 'A', '90%', 'NULL', 'NULL', 'Bạc, vàng', '1', 'NULL', 'NULL', NULL, 'images/img/_14_1595.JPG', 'NULL', 'NULL', '240', 'NULL', 'NULL', 'NULL', 'NULL', 'NULL', 'NULL', 'NULL', 'NULL', 'NULL', 'NULL', 'NULL', '4.8:1', '7kg', '6', 'NULL', 'NULL', NULL, NULL),
('00004', 'Rebar X8', '03', '0301', 'Reb', 'NULL', 'NULL', 'NULL', 'NULL', 'NULL', '2016-04-12', 'NULL', 'NULL', 'NULL', 'NULL', '5 màu', '1', 'NULL', 'NULL', NULL, 'images/img/_14_1596.JPG', 'NULL', '100m', 'NULL', 'NULL', 'NULL', 'NULL', 'NULL', 'NULL', 'NULL', 'NULL', 'NULL', 'NULL', 'NULL', 'NULL', 'NULL', 'NULL', 'NULL', 'NULL', '2.0', NULL, NULL),
('00001', 'NFT Super 60 - 300', '02', '0204', 'NFT', 'Cần câu', 'Cần 3 khúc sông hồ', 'NFT', 'user1', 'Tuấn', '2016-04-12', 'A', '90%', 'NFT Super 60 -300', 'NULL', 'Trắng', '1', 'NULL', 'NULL', NULL, 'images/img/_14_1593.JPG', 'NULL', 'NULL', 'NULL', 'NULL', 'NULL', 'NULL', 'NULL', 'NULL', 'NULL', 'NULL', 'NULL', 'NULL', 'NULL', 'NULL', 'NULL', 'NULL', 'NULL', 'NULL', 'NULL', NULL, NULL),
('00002', 'Daiwa T3 MX', '01', '0102', 'Dai', 'Máy câu', 'Máy ngang', 'Daiwa', 'user1', 'Tuấn', '2016-04-12', 'A', '90%', 'NULL', 'NULL', 'Đen', '1', 'NULL', 'NULL', NULL, 'images/img/_14_1594.JPG', 'NULL', 'NULL', '190', 'NULL', 'NULL', 'NULL', 'NULL', 'NULL', 'NULL', 'NULL', 'NULL', 'NULL', 'NULL', 'NULL', '8.1:1', '5kg', '7', 'NULL', 'NULL', NULL, NULL),
('00003', 'Daiwa Emblem 5000C', '01', '0101', 'Dai', 'Máy câu', 'Máy đứng', 'Daiwa', 'user1', 'Tuấn', '2016-04-12', 'A', '90%', 'NULL', 'NULL', 'Bạc, vàng', '1', 'NULL', 'NULL', NULL, 'images/img/_14_1595.JPG', 'NULL', 'NULL', '240', 'NULL', 'NULL', 'NULL', 'NULL', 'NULL', 'NULL', 'NULL', 'NULL', 'NULL', 'NULL', 'NULL', '4.8:1', '7kg', '6', 'NULL', 'NULL', NULL, NULL),
('00004', 'Rebar X8', '03', '0301', 'Reb', 'NULL', 'NULL', 'NULL', 'NULL', 'NULL', '2016-04-12', 'NULL', 'NULL', 'NULL', 'NULL', '5 màu', '1', 'NULL', 'NULL', NULL, 'images/img/_14_1596.JPG', 'NULL', '100m', 'NULL', 'NULL', 'NULL', 'NULL', 'NULL', 'NULL', 'NULL', 'NULL', 'NULL', 'NULL', 'NULL', 'NULL', 'NULL', 'NULL', 'NULL', 'NULL', '2.0', NULL, NULL),
('00001', 'NFT Super 60 - 300', '02', '0204', 'NFT', 'Cần câu', 'Cần 3 khúc sông hồ', 'NFT', 'user1', 'Tuấn', '2016-04-12', 'A', '90%', 'NFT Super 60 -300', 'NULL', 'Trắng', '1', 'NULL', 'NULL', NULL, 'images/img/_14_1593.JPG', 'NULL', 'NULL', 'NULL', 'NULL', 'NULL', 'NULL', 'NULL', 'NULL', 'NULL', 'NULL', 'NULL', 'NULL', 'NULL', 'NULL', 'NULL', 'NULL', 'NULL', 'NULL', 'NULL', NULL, NULL),
('00002', 'Daiwa T3 MX', '01', '0102', 'Dai', 'Máy câu', 'Máy ngang', 'Daiwa', 'user1', 'Tuấn', '2016-04-12', 'A', '90%', 'NULL', 'NULL', 'Đen', '1', 'NULL', 'NULL', NULL, 'images/img/_14_1594.JPG', 'NULL', 'NULL', '190', 'NULL', 'NULL', 'NULL', 'NULL', 'NULL', 'NULL', 'NULL', 'NULL', 'NULL', 'NULL', 'NULL', '8.1:1', '5kg', '7', 'NULL', 'NULL', NULL, NULL),
('00003', 'Daiwa Emblem 5000C', '01', '0101', 'Dai', 'Máy câu', 'Máy đứng', 'Daiwa', 'user1', 'Tuấn', '2016-04-12', 'A', '90%', 'NULL', 'NULL', 'Bạc, vàng', '1', 'NULL', 'NULL', NULL, 'images/img/_14_1595.JPG', 'NULL', 'NULL', '240', 'NULL', 'NULL', 'NULL', 'NULL', 'NULL', 'NULL', 'NULL', 'NULL', 'NULL', 'NULL', 'NULL', '4.8:1', '7kg', '6', 'NULL', 'NULL', NULL, NULL),
('00004', 'Rebar X8', '03', '0301', 'Reb', 'NULL', 'NULL', 'NULL', 'NULL', 'NULL', '2016-04-12', 'NULL', 'NULL', 'NULL', 'NULL', '5 màu', '1', 'NULL', 'NULL', NULL, 'images/img/_14_1596.JPG', 'NULL', '100m', 'NULL', 'NULL', 'NULL', 'NULL', 'NULL', 'NULL', 'NULL', 'NULL', 'NULL', 'NULL', 'NULL', 'NULL', 'NULL', 'NULL', 'NULL', 'NULL', '2.0', NULL, NULL),
('00001', 'NFT Super 60 - 300', '02', '0204', 'NFT', 'Cần câu', 'Cần 3 khúc sông hồ', 'NFT', 'user1', 'Tuấn', '2016-04-12', 'A', '90%', 'NFT Super 60 -300', 'NULL', 'Trắng', '1', 'NULL', 'NULL', NULL, 'images/img/_14_1593.JPG', 'NULL', 'NULL', 'NULL', 'NULL', 'NULL', 'NULL', 'NULL', 'NULL', 'NULL', 'NULL', 'NULL', 'NULL', 'NULL', 'NULL', 'NULL', 'NULL', 'NULL', 'NULL', 'NULL', NULL, NULL),
('00002', 'Daiwa T3 MX', '01', '0102', 'Dai', 'Máy câu', 'Máy ngang', 'Daiwa', 'user1', 'Tuấn', '2016-04-12', 'A', '90%', 'NULL', 'NULL', 'Đen', '1', 'NULL', 'NULL', NULL, 'images/img/_14_1594.JPG', 'NULL', 'NULL', '190', 'NULL', 'NULL', 'NULL', 'NULL', 'NULL', 'NULL', 'NULL', 'NULL', 'NULL', 'NULL', 'NULL', '8.1:1', '5kg', '7', 'NULL', 'NULL', NULL, NULL),
('00003', 'Daiwa Emblem 5000C', '01', '0101', 'Dai', 'Máy câu', 'Máy đứng', 'Daiwa', 'user1', 'Tuấn', '2016-04-12', 'A', '90%', 'NULL', 'NULL', 'Bạc, vàng', '1', 'NULL', 'NULL', NULL, 'images/img/_14_1595.JPG', 'NULL', 'NULL', '240', 'NULL', 'NULL', 'NULL', 'NULL', 'NULL', 'NULL', 'NULL', 'NULL', 'NULL', 'NULL', 'NULL', '4.8:1', '7kg', '6', 'NULL', 'NULL', NULL, NULL),
('00004', 'Rebar X8', '03', '0301', 'Reb', 'NULL', 'NULL', 'NULL', 'NULL', 'NULL', '2016-04-12', 'NULL', 'NULL', 'NULL', 'NULL', '5 màu', '1', 'NULL', 'NULL', NULL, 'images/img/_14_1596.JPG', 'NULL', '100m', 'NULL', 'NULL', 'NULL', 'NULL', 'NULL', 'NULL', 'NULL', 'NULL', 'NULL', 'NULL', 'NULL', 'NULL', 'NULL', 'NULL', 'NULL', 'NULL', '2.0', NULL, NULL),
('00001', 'NFT Super 60 - 300', '02', '0204', 'NFT', 'Cần câu', 'Cần 3 khúc sông hồ', 'NFT', 'user1', 'Tuấn', '2016-04-12', 'A', '90%', 'NFT Super 60 -300', 'NULL', 'Trắng', '1', 'NULL', 'NULL', NULL, 'images/img/_14_1593.JPG', 'NULL', 'NULL', 'NULL', 'NULL', 'NULL', 'NULL', 'NULL', 'NULL', 'NULL', 'NULL', 'NULL', 'NULL', 'NULL', 'NULL', 'NULL', 'NULL', 'NULL', 'NULL', 'NULL', NULL, NULL),
('00002', 'Daiwa T3 MX', '01', '0102', 'Dai', 'Máy câu', 'Máy ngang', 'Daiwa', 'user1', 'Tuấn', '2016-04-12', 'A', '90%', 'NULL', 'NULL', 'Đen', '1', 'NULL', 'NULL', NULL, 'images/img/_14_1594.JPG', 'NULL', 'NULL', '190', 'NULL', 'NULL', 'NULL', 'NULL', 'NULL', 'NULL', 'NULL', 'NULL', 'NULL', 'NULL', 'NULL', '8.1:1', '5kg', '7', 'NULL', 'NULL', NULL, NULL),
('00003', 'Daiwa Emblem 5000C', '01', '0101', 'Dai', 'Máy câu', 'Máy đứng', 'Daiwa', 'user1', 'Tuấn', '2016-04-12', 'A', '90%', 'NULL', 'NULL', 'Bạc, vàng', '1', 'NULL', 'NULL', NULL, 'images/img/_14_1595.JPG', 'NULL', 'NULL', '240', 'NULL', 'NULL', 'NULL', 'NULL', 'NULL', 'NULL', 'NULL', 'NULL', 'NULL', 'NULL', 'NULL', '4.8:1', '7kg', '6', 'NULL', 'NULL', NULL, NULL),
('00004', 'Rebar X8', '03', '0301', 'Reb', 'NULL', 'NULL', 'NULL', 'NULL', 'NULL', '2016-04-12', 'NULL', 'NULL', 'NULL', 'NULL', '5 màu', '1', 'NULL', 'NULL', NULL, 'images/img/_14_1596.JPG', 'NULL', '100m', 'NULL', 'NULL', 'NULL', 'NULL', 'NULL', 'NULL', 'NULL', 'NULL', 'NULL', 'NULL', 'NULL', 'NULL', 'NULL', 'NULL', 'NULL', 'NULL', '2.0', NULL, NULL),
('00001', 'NFT Super 60 - 300', '02', '0204', 'NFT', 'Cần câu', 'Cần 3 khúc sông hồ', 'NFT', 'user1', 'Tuấn', '2016-04-12', 'A', '90%', 'NFT Super 60 -300', 'NULL', 'Trắng', '1', 'NULL', 'NULL', NULL, 'images/img/_14_1593.JPG', 'NULL', 'NULL', 'NULL', 'NULL', 'NULL', 'NULL', 'NULL', 'NULL', 'NULL', 'NULL', 'NULL', 'NULL', 'NULL', 'NULL', 'NULL', 'NULL', 'NULL', 'NULL', 'NULL', NULL, NULL),
('00002', 'Daiwa T3 MX', '01', '0102', 'Dai', 'Máy câu', 'Máy ngang', 'Daiwa', 'user1', 'Tuấn', '2016-04-12', 'A', '90%', 'NULL', 'NULL', 'Đen', '1', 'NULL', 'NULL', NULL, 'images/img/_14_1594.JPG', 'NULL', 'NULL', '190', 'NULL', 'NULL', 'NULL', 'NULL', 'NULL', 'NULL', 'NULL', 'NULL', 'NULL', 'NULL', 'NULL', '8.1:1', '5kg', '7', 'NULL', 'NULL', NULL, NULL),
('00003', 'Daiwa Emblem 5000C', '01', '0101', 'Dai', 'Máy câu', 'Máy đứng', 'Daiwa', 'user1', 'Tuấn', '2016-04-12', 'A', '90%', 'NULL', 'NULL', 'Bạc, vàng', '1', 'NULL', 'NULL', NULL, 'images/img/_14_1595.JPG', 'NULL', 'NULL', '240', 'NULL', 'NULL', 'NULL', 'NULL', 'NULL', 'NULL', 'NULL', 'NULL', 'NULL', 'NULL', 'NULL', '4.8:1', '7kg', '6', 'NULL', 'NULL', NULL, NULL),
('00004', 'Rebar X8', '03', '0301', 'Reb', 'NULL', 'NULL', 'NULL', 'NULL', 'NULL', '2016-04-12', 'NULL', 'NULL', 'NULL', 'NULL', '5 màu', '1', 'NULL', 'NULL', NULL, 'images/img/_14_1596.JPG', 'NULL', '100m', 'NULL', 'NULL', 'NULL', 'NULL', 'NULL', 'NULL', 'NULL', 'NULL', 'NULL', 'NULL', 'NULL', 'NULL', 'NULL', 'NULL', 'NULL', 'NULL', '2.0', NULL, NULL),
('00001', 'NFT Super 60 - 300', '02', '0204', 'NFT', 'Cần câu', 'Cần 3 khúc sông hồ', 'NFT', 'user1', 'Tuấn', '2016-04-12', 'A', '90%', 'NFT Super 60 -300', 'NULL', 'Trắng', '1', 'NULL', 'NULL', NULL, 'images/img/_14_1593.JPG', 'NULL', 'NULL', 'NULL', 'NULL', 'NULL', 'NULL', 'NULL', 'NULL', 'NULL', 'NULL', 'NULL', 'NULL', 'NULL', 'NULL', 'NULL', 'NULL', 'NULL', 'NULL', 'NULL', NULL, NULL),
('00002', 'Daiwa T3 MX', '01', '0102', 'Dai', 'Máy câu', 'Máy ngang', 'Daiwa', 'user1', 'Tuấn', '2016-04-12', 'A', '90%', 'NULL', 'NULL', 'Đen', '1', 'NULL', 'NULL', NULL, 'images/img/_14_1594.JPG', 'NULL', 'NULL', '190', 'NULL', 'NULL', 'NULL', 'NULL', 'NULL', 'NULL', 'NULL', 'NULL', 'NULL', 'NULL', 'NULL', '8.1:1', '5kg', '7', 'NULL', 'NULL', NULL, NULL),
('00003', 'Daiwa Emblem 5000C', '01', '0101', 'Dai', 'Máy câu', 'Máy đứng', 'Daiwa', 'user1', 'Tuấn', '2016-04-12', 'A', '90%', 'NULL', 'NULL', 'Bạc, vàng', '1', 'NULL', 'NULL', NULL, 'images/img/_14_1595.JPG', 'NULL', 'NULL', '240', 'NULL', 'NULL', 'NULL', 'NULL', 'NULL', 'NULL', 'NULL', 'NULL', 'NULL', 'NULL', 'NULL', '4.8:1', '7kg', '6', 'NULL', 'NULL', NULL, NULL),
('00004', 'Rebar X8', '03', '0301', 'Reb', 'NULL', 'NULL', 'NULL', 'NULL', 'NULL', '2016-04-12', 'NULL', 'NULL', 'NULL', 'NULL', '5 màu', '1', 'NULL', 'NULL', NULL, 'images/img/_14_1596.JPG', 'NULL', '100m', 'NULL', 'NULL', 'NULL', 'NULL', 'NULL', 'NULL', 'NULL', 'NULL', 'NULL', 'NULL', 'NULL', 'NULL', 'NULL', 'NULL', 'NULL', 'NULL', '2.0', NULL, NULL),
('00001', 'NFT Super 60 - 300', '02', '0204', 'NFT', 'Cần câu', 'Cần 3 khúc sông hồ', 'NFT', 'user1', 'Tuấn', '2016-04-12', 'A', '90%', 'NFT Super 60 -300', 'NULL', 'Trắng', '1', 'NULL', 'NULL', NULL, 'images/img/_14_1593.JPG', 'NULL', 'NULL', 'NULL', 'NULL', 'NULL', 'NULL', 'NULL', 'NULL', 'NULL', 'NULL', 'NULL', 'NULL', 'NULL', 'NULL', 'NULL', 'NULL', 'NULL', 'NULL', 'NULL', NULL, NULL),
('00002', 'Daiwa T3 MX', '01', '0102', 'Dai', 'Máy câu', 'Máy ngang', 'Daiwa', 'user1', 'Tuấn', '2016-04-12', 'A', '90%', 'NULL', 'NULL', 'Đen', '1', 'NULL', 'NULL', NULL, 'images/img/_14_1594.JPG', 'NULL', 'NULL', '190', 'NULL', 'NULL', 'NULL', 'NULL', 'NULL', 'NULL', 'NULL', 'NULL', 'NULL', 'NULL', 'NULL', '8.1:1', '5kg', '7', 'NULL', 'NULL', NULL, NULL),
('00003', 'Daiwa Emblem 5000C', '01', '0101', 'Dai', 'Máy câu', 'Máy đứng', 'Daiwa', 'user1', 'Tuấn', '2016-04-12', 'A', '90%', 'NULL', 'NULL', 'Bạc, vàng', '1', 'NULL', 'NULL', NULL, 'images/img/_14_1595.JPG', 'NULL', 'NULL', '240', 'NULL', 'NULL', 'NULL', 'NULL', 'NULL', 'NULL', 'NULL', 'NULL', 'NULL', 'NULL', 'NULL', '4.8:1', '7kg', '6', 'NULL', 'NULL', NULL, NULL),
('00004', 'Rebar X8', '03', '0301', 'Reb', 'NULL', 'NULL', 'NULL', 'NULL', 'NULL', '2016-04-12', 'NULL', 'NULL', 'NULL', 'NULL', '5 màu', '1', 'NULL', 'NULL', NULL, 'images/img/_14_1596.JPG', 'NULL', '100m', 'NULL', 'NULL', 'NULL', 'NULL', 'NULL', 'NULL', 'NULL', 'NULL', 'NULL', 'NULL', 'NULL', 'NULL', 'NULL', 'NULL', 'NULL', 'NULL', '2.0', NULL, NULL),
('00001', 'NFT Super 60 - 300', '02', '0204', 'NFT', 'Cần câu', 'Cần 3 khúc sông hồ', 'NFT', 'user1', 'Tuấn', '2016-04-12', 'A', '90%', 'NFT Super 60 -300', 'NULL', 'Trắng', '1', 'NULL', 'NULL', NULL, 'images/img/_14_1593.JPG', 'NULL', 'NULL', 'NULL', 'NULL', 'NULL', 'NULL', 'NULL', 'NULL', 'NULL', 'NULL', 'NULL', 'NULL', 'NULL', 'NULL', 'NULL', 'NULL', 'NULL', 'NULL', 'NULL', NULL, NULL),
('00002', 'Daiwa T3 MX', '01', '0102', 'Dai', 'Máy câu', 'Máy ngang', 'Daiwa', 'user1', 'Tuấn', '2016-04-12', 'A', '90%', 'NULL', 'NULL', 'Đen', '1', 'NULL', 'NULL', NULL, 'images/img/_14_1594.JPG', 'NULL', 'NULL', '190', 'NULL', 'NULL', 'NULL', 'NULL', 'NULL', 'NULL', 'NULL', 'NULL', 'NULL', 'NULL', 'NULL', '8.1:1', '5kg', '7', 'NULL', 'NULL', NULL, NULL),
('00003', 'Daiwa Emblem 5000C', '01', '0101', 'Dai', 'Máy câu', 'Máy đứng', 'Daiwa', 'user1', 'Tuấn', '2016-04-12', 'A', '90%', 'NULL', 'NULL', 'Bạc, vàng', '1', 'NULL', 'NULL', NULL, 'images/img/_14_1595.JPG', 'NULL', 'NULL', '240', 'NULL', 'NULL', 'NULL', 'NULL', 'NULL', 'NULL', 'NULL', 'NULL', 'NULL', 'NULL', 'NULL', '4.8:1', '7kg', '6', 'NULL', 'NULL', NULL, NULL),
('00004', 'Rebar X8', '03', '0301', 'Reb', 'NULL', 'NULL', 'NULL', 'NULL', 'NULL', '2016-04-12', 'NULL', 'NULL', 'NULL', 'NULL', '5 màu', '1', 'NULL', 'NULL', NULL, 'images/img/_14_1596.JPG', 'NULL', '100m', 'NULL', 'NULL', 'NULL', 'NULL', 'NULL', 'NULL', 'NULL', 'NULL', 'NULL', 'NULL', 'NULL', 'NULL', 'NULL', 'NULL', 'NULL', 'NULL', '2.0', NULL, NULL),
('00001', 'NFT Super 60 - 300', '02', '0204', 'NFT', 'Cần câu', 'Cần 3 khúc sông hồ', 'NFT', 'user1', 'Tuấn', '2016-04-12', 'A', '90%', 'NFT Super 60 -300', 'NULL', 'Trắng', '1', 'NULL', 'NULL', NULL, 'images/img/_14_1593.JPG', 'NULL', 'NULL', 'NULL', 'NULL', 'NULL', 'NULL', 'NULL', 'NULL', 'NULL', 'NULL', 'NULL', 'NULL', 'NULL', 'NULL', 'NULL', 'NULL', 'NULL', 'NULL', 'NULL', NULL, NULL),
('00002', 'Daiwa T3 MX', '01', '0102', 'Dai', 'Máy câu', 'Máy ngang', 'Daiwa', 'user1', 'Tuấn', '2016-04-12', 'A', '90%', 'NULL', 'NULL', 'Đen', '1', 'NULL', 'NULL', NULL, 'images/img/_14_1594.JPG', 'NULL', 'NULL', '190', 'NULL', 'NULL', 'NULL', 'NULL', 'NULL', 'NULL', 'NULL', 'NULL', 'NULL', 'NULL', 'NULL', '8.1:1', '5kg', '7', 'NULL', 'NULL', NULL, NULL),
('00003', 'Daiwa Emblem 5000C', '01', '0101', 'Dai', 'Máy câu', 'Máy đứng', 'Daiwa', 'user1', 'Tuấn', '2016-04-12', 'A', '90%', 'NULL', 'NULL', 'Bạc, vàng', '1', 'NULL', 'NULL', NULL, 'images/img/_14_1595.JPG', 'NULL', 'NULL', '240', 'NULL', 'NULL', 'NULL', 'NULL', 'NULL', 'NULL', 'NULL', 'NULL', 'NULL', 'NULL', 'NULL', '4.8:1', '7kg', '6', 'NULL', 'NULL', NULL, NULL),
('00004', 'Rebar X8', '03', '0301', 'Reb', 'NULL', 'NULL', 'NULL', 'NULL', 'NULL', '2016-04-12', 'NULL', 'NULL', 'NULL', 'NULL', '5 màu', '1', 'NULL', 'NULL', NULL, 'images/img/_14_1596.JPG', 'NULL', '100m', 'NULL', 'NULL', 'NULL', 'NULL', 'NULL', 'NULL', 'NULL', 'NULL', 'NULL', 'NULL', 'NULL', 'NULL', 'NULL', 'NULL', 'NULL', 'NULL', '2.0', NULL, NULL),
('00001', 'NFT Super 60 - 300', '02', '0204', 'NFT', 'Cần câu', 'Cần 3 khúc sông hồ', 'NFT', 'user1', 'Tuấn', '2016-04-12', 'A', '90%', 'NFT Super 60 -300', 'NULL', 'Trắng', '1', 'NULL', 'NULL', NULL, 'images/img/_14_1593.JPG', 'NULL', 'NULL', 'NULL', 'NULL', 'NULL', 'NULL', 'NULL', 'NULL', 'NULL', 'NULL', 'NULL', 'NULL', 'NULL', 'NULL', 'NULL', 'NULL', 'NULL', 'NULL', 'NULL', NULL, NULL),
('00002', 'Daiwa T3 MX', '01', '0102', 'Dai', 'Máy câu', 'Máy ngang', 'Daiwa', 'user1', 'Tuấn', '2016-04-12', 'A', '90%', 'NULL', 'NULL', 'Đen', '1', 'NULL', 'NULL', NULL, 'images/img/_14_1594.JPG', 'NULL', 'NULL', '190', 'NULL', 'NULL', 'NULL', 'NULL', 'NULL', 'NULL', 'NULL', 'NULL', 'NULL', 'NULL', 'NULL', '8.1:1', '5kg', '7', 'NULL', 'NULL', NULL, NULL),
('00003', 'Daiwa Emblem 5000C', '01', '0101', 'Dai', 'Máy câu', 'Máy đứng', 'Daiwa', 'user1', 'Tuấn', '2016-04-12', 'A', '90%', 'NULL', 'NULL', 'Bạc, vàng', '1', 'NULL', 'NULL', NULL, 'images/img/_14_1595.JPG', 'NULL', 'NULL', '240', 'NULL', 'NULL', 'NULL', 'NULL', 'NULL', 'NULL', 'NULL', 'NULL', 'NULL', 'NULL', 'NULL', '4.8:1', '7kg', '6', 'NULL', 'NULL', NULL, NULL);
INSERT INTO `oitm` (`MaSP`, `TenSP`, `MaNganh`, `MaLoai`, `MaNhan`, `TenNganh`, `TenLoai`, `TenNhan`, `MaNguoiTao`, `TenNguoiTao`, `NgayTao`, `SuDung`, `TinhTrang`, `TenVietTat`, `MoTa`, `Mau`, `QLTonKho`, `QLSerial`, `MaNCC`, `TenNCC`, `Link`, `HinhAnh`, `ChieuDai`, `CanNang`, `DoSau`, `Lure`, `Line`, `PE`, `Ring`, `Hook`, `SoKhoen`, `Khoen`, `Blank`, `Bu`, `Pat`, `Tua`, `Thang`, `BacDan`, `CongNghe`, `Size`, `LoaiDay`, `Gia`) VALUES
('00004', 'Rebar X8', '03', '0301', 'Reb', 'NULL', 'NULL', 'NULL', 'NULL', 'NULL', '2016-04-12', 'NULL', 'NULL', 'NULL', 'NULL', '5 màu', '1', 'NULL', 'NULL', NULL, 'images/img/_14_1596.JPG', 'NULL', '100m', 'NULL', 'NULL', 'NULL', 'NULL', 'NULL', 'NULL', 'NULL', 'NULL', 'NULL', 'NULL', 'NULL', 'NULL', 'NULL', 'NULL', 'NULL', 'NULL', '2.0', NULL, NULL),
('00001', 'NFT Super 60 - 300', '02', '0204', 'NFT', 'Cần câu', 'Cần 3 khúc sông hồ', 'NFT', 'user1', 'Tuấn', '2016-04-12', 'A', '90%', 'NFT Super 60 -300', 'NULL', 'Trắng', '1', 'NULL', 'NULL', NULL, 'images/img/_14_1593.JPG', 'NULL', 'NULL', 'NULL', 'NULL', 'NULL', 'NULL', 'NULL', 'NULL', 'NULL', 'NULL', 'NULL', 'NULL', 'NULL', 'NULL', 'NULL', 'NULL', 'NULL', 'NULL', 'NULL', NULL, NULL),
('00002', 'Daiwa T3 MX', '01', '0102', 'Dai', 'Máy câu', 'Máy ngang', 'Daiwa', 'user1', 'Tuấn', '2016-04-12', 'A', '90%', 'NULL', 'NULL', 'Đen', '1', 'NULL', 'NULL', NULL, 'images/img/_14_1594.JPG', 'NULL', 'NULL', '190', 'NULL', 'NULL', 'NULL', 'NULL', 'NULL', 'NULL', 'NULL', 'NULL', 'NULL', 'NULL', 'NULL', '8.1:1', '5kg', '7', 'NULL', 'NULL', NULL, NULL),
('00003', 'Daiwa Emblem 5000C', '01', '0101', 'Dai', 'Máy câu', 'Máy đứng', 'Daiwa', 'user1', 'Tuấn', '2016-04-12', 'A', '90%', 'NULL', 'NULL', 'Bạc, vàng', '1', 'NULL', 'NULL', NULL, 'images/img/_14_1595.JPG', 'NULL', 'NULL', '240', 'NULL', 'NULL', 'NULL', 'NULL', 'NULL', 'NULL', 'NULL', 'NULL', 'NULL', 'NULL', 'NULL', '4.8:1', '7kg', '6', 'NULL', 'NULL', NULL, NULL),
('00004', 'Rebar X8', '03', '0301', 'Reb', 'NULL', 'NULL', 'NULL', 'NULL', 'NULL', '2016-04-12', 'NULL', 'NULL', 'NULL', 'NULL', '5 màu', '1', 'NULL', 'NULL', NULL, 'images/img/_14_1596.JPG', 'NULL', '100m', 'NULL', 'NULL', 'NULL', 'NULL', 'NULL', 'NULL', 'NULL', 'NULL', 'NULL', 'NULL', 'NULL', 'NULL', 'NULL', 'NULL', 'NULL', 'NULL', '2.0', NULL, NULL),
('00001', 'NFT Super 60 - 300', '02', '0204', 'NFT', 'Cần câu', 'Cần 3 khúc sông hồ', 'NFT', 'user1', 'Tuấn', '2016-04-12', 'A', '90%', 'NFT Super 60 -300', 'NULL', 'Trắng', '1', 'NULL', 'NULL', NULL, 'images/img/_14_1593.JPG', 'NULL', 'NULL', 'NULL', 'NULL', 'NULL', 'NULL', 'NULL', 'NULL', 'NULL', 'NULL', 'NULL', 'NULL', 'NULL', 'NULL', 'NULL', 'NULL', 'NULL', 'NULL', 'NULL', NULL, NULL),
('00002', 'Daiwa T3 MX', '01', '0102', 'Dai', 'Máy câu', 'Máy ngang', 'Daiwa', 'user1', 'Tuấn', '2016-04-12', 'A', '90%', 'NULL', 'NULL', 'Đen', '1', 'NULL', 'NULL', NULL, 'images/img/_14_1594.JPG', 'NULL', 'NULL', '190', 'NULL', 'NULL', 'NULL', 'NULL', 'NULL', 'NULL', 'NULL', 'NULL', 'NULL', 'NULL', 'NULL', '8.1:1', '5kg', '7', 'NULL', 'NULL', NULL, NULL),
('00003', 'Daiwa Emblem 5000C', '01', '0101', 'Dai', 'Máy câu', 'Máy đứng', 'Daiwa', 'user1', 'Tuấn', '2016-04-12', 'A', '90%', 'NULL', 'NULL', 'Bạc, vàng', '1', 'NULL', 'NULL', NULL, 'images/img/_14_1595.JPG', 'NULL', 'NULL', '240', 'NULL', 'NULL', 'NULL', 'NULL', 'NULL', 'NULL', 'NULL', 'NULL', 'NULL', 'NULL', 'NULL', '4.8:1', '7kg', '6', 'NULL', 'NULL', NULL, NULL),
('00004', 'Rebar X8', '03', '0301', 'Reb', 'NULL', 'NULL', 'NULL', 'NULL', 'NULL', '2016-04-12', 'NULL', 'NULL', 'NULL', 'NULL', '5 màu', '1', 'NULL', 'NULL', NULL, 'images/img/_14_1596.JPG', 'NULL', '100m', 'NULL', 'NULL', 'NULL', 'NULL', 'NULL', 'NULL', 'NULL', 'NULL', 'NULL', 'NULL', 'NULL', 'NULL', 'NULL', 'NULL', 'NULL', 'NULL', '2.0', NULL, NULL),
('00001', 'NFT Super 60 - 300', '02', '0204', 'NFT', 'Cần câu', 'Cần 3 khúc sông hồ', 'NFT', 'user1', 'Tuấn', '2016-04-12', 'A', '90%', 'NFT Super 60 -300', 'NULL', 'Trắng', '1', 'NULL', 'NULL', NULL, 'images/img/_14_1593.JPG', 'NULL', 'NULL', 'NULL', 'NULL', 'NULL', 'NULL', 'NULL', 'NULL', 'NULL', 'NULL', 'NULL', 'NULL', 'NULL', 'NULL', 'NULL', 'NULL', 'NULL', 'NULL', 'NULL', NULL, NULL),
('00002', 'Daiwa T3 MX', '01', '0102', 'Dai', 'Máy câu', 'Máy ngang', 'Daiwa', 'user1', 'Tuấn', '2016-04-12', 'A', '90%', 'NULL', 'NULL', 'Đen', '1', 'NULL', 'NULL', NULL, 'images/img/_14_1594.JPG', 'NULL', 'NULL', '190', 'NULL', 'NULL', 'NULL', 'NULL', 'NULL', 'NULL', 'NULL', 'NULL', 'NULL', 'NULL', 'NULL', '8.1:1', '5kg', '7', 'NULL', 'NULL', NULL, NULL),
('00003', 'Daiwa Emblem 5000C', '01', '0101', 'Dai', 'Máy câu', 'Máy đứng', 'Daiwa', 'user1', 'Tuấn', '2016-04-12', 'A', '90%', 'NULL', 'NULL', 'Bạc, vàng', '1', 'NULL', 'NULL', NULL, 'images/img/_14_1595.JPG', 'NULL', 'NULL', '240', 'NULL', 'NULL', 'NULL', 'NULL', 'NULL', 'NULL', 'NULL', 'NULL', 'NULL', 'NULL', 'NULL', '4.8:1', '7kg', '6', 'NULL', 'NULL', NULL, NULL),
('00004', 'Rebar X8', '03', '0301', 'Reb', 'NULL', 'NULL', 'NULL', 'NULL', 'NULL', '2016-04-12', 'NULL', 'NULL', 'NULL', 'NULL', '5 màu', '1', 'NULL', 'NULL', NULL, 'images/img/_14_1596.JPG', 'NULL', '100m', 'NULL', 'NULL', 'NULL', 'NULL', 'NULL', 'NULL', 'NULL', 'NULL', 'NULL', 'NULL', 'NULL', 'NULL', 'NULL', 'NULL', 'NULL', 'NULL', '2.0', NULL, NULL),
('00001', 'NFT Super 60 - 300', '02', '0204', 'NFT', 'Cần câu', 'Cần 3 khúc sông hồ', 'NFT', 'user1', 'Tuấn', '2016-04-12', 'A', '90%', 'NFT Super 60 -300', 'NULL', 'Trắng', '1', 'NULL', 'NULL', NULL, 'images/img/_14_1593.JPG', 'NULL', 'NULL', 'NULL', 'NULL', 'NULL', 'NULL', 'NULL', 'NULL', 'NULL', 'NULL', 'NULL', 'NULL', 'NULL', 'NULL', 'NULL', 'NULL', 'NULL', 'NULL', 'NULL', NULL, NULL),
('00002', 'Daiwa T3 MX', '01', '0102', 'Dai', 'Máy câu', 'Máy ngang', 'Daiwa', 'user1', 'Tuấn', '2016-04-12', 'A', '90%', 'NULL', 'NULL', 'Đen', '1', 'NULL', 'NULL', NULL, 'images/img/_14_1594.JPG', 'NULL', 'NULL', '190', 'NULL', 'NULL', 'NULL', 'NULL', 'NULL', 'NULL', 'NULL', 'NULL', 'NULL', 'NULL', 'NULL', '8.1:1', '5kg', '7', 'NULL', 'NULL', NULL, NULL),
('00003', 'Daiwa Emblem 5000C', '01', '0101', 'Dai', 'Máy câu', 'Máy đứng', 'Daiwa', 'user1', 'Tuấn', '2016-04-12', 'A', '90%', 'NULL', 'NULL', 'Bạc, vàng', '1', 'NULL', 'NULL', NULL, 'images/img/_14_1595.JPG', 'NULL', 'NULL', '240', 'NULL', 'NULL', 'NULL', 'NULL', 'NULL', 'NULL', 'NULL', 'NULL', 'NULL', 'NULL', 'NULL', '4.8:1', '7kg', '6', 'NULL', 'NULL', NULL, NULL),
('00004', 'Rebar X8', '03', '0301', 'Reb', 'NULL', 'NULL', 'NULL', 'NULL', 'NULL', '2016-04-12', 'NULL', 'NULL', 'NULL', 'NULL', '5 màu', '1', 'NULL', 'NULL', NULL, 'images/img/_14_1596.JPG', 'NULL', '100m', 'NULL', 'NULL', 'NULL', 'NULL', 'NULL', 'NULL', 'NULL', 'NULL', 'NULL', 'NULL', 'NULL', 'NULL', 'NULL', 'NULL', 'NULL', 'NULL', '2.0', NULL, NULL),
('00001', 'NFT Super 60 - 300', '02', '0204', 'NFT', 'Cần câu', 'Cần 3 khúc sông hồ', 'NFT', 'user1', 'Tuấn', '2016-04-12', 'A', '90%', 'NFT Super 60 -300', 'NULL', 'Trắng', '1', 'NULL', 'NULL', NULL, 'images/img/_14_1593.JPG', 'NULL', 'NULL', 'NULL', 'NULL', 'NULL', 'NULL', 'NULL', 'NULL', 'NULL', 'NULL', 'NULL', 'NULL', 'NULL', 'NULL', 'NULL', 'NULL', 'NULL', 'NULL', 'NULL', NULL, NULL),
('00002', 'Daiwa T3 MX', '01', '0102', 'Dai', 'Máy câu', 'Máy ngang', 'Daiwa', 'user1', 'Tuấn', '2016-04-12', 'A', '90%', 'NULL', 'NULL', 'Đen', '1', 'NULL', 'NULL', NULL, 'images/img/_14_1594.JPG', 'NULL', 'NULL', '190', 'NULL', 'NULL', 'NULL', 'NULL', 'NULL', 'NULL', 'NULL', 'NULL', 'NULL', 'NULL', 'NULL', '8.1:1', '5kg', '7', 'NULL', 'NULL', NULL, NULL),
('00003', 'Daiwa Emblem 5000C', '01', '0101', 'Dai', 'Máy câu', 'Máy đứng', 'Daiwa', 'user1', 'Tuấn', '2016-04-12', 'A', '90%', 'NULL', 'NULL', 'Bạc, vàng', '1', 'NULL', 'NULL', NULL, 'images/img/_14_1595.JPG', 'NULL', 'NULL', '240', 'NULL', 'NULL', 'NULL', 'NULL', 'NULL', 'NULL', 'NULL', 'NULL', 'NULL', 'NULL', 'NULL', '4.8:1', '7kg', '6', 'NULL', 'NULL', NULL, NULL),
('00004', 'Rebar X8', '03', '0301', 'Reb', 'NULL', 'NULL', 'NULL', 'NULL', 'NULL', '2016-04-12', 'NULL', 'NULL', 'NULL', 'NULL', '5 màu', '1', 'NULL', 'NULL', NULL, 'images/img/_14_1596.JPG', 'NULL', '100m', 'NULL', 'NULL', 'NULL', 'NULL', 'NULL', 'NULL', 'NULL', 'NULL', 'NULL', 'NULL', 'NULL', 'NULL', 'NULL', 'NULL', 'NULL', 'NULL', '2.0', NULL, NULL),
('00001', 'NFT Super 60 - 300', '02', '0204', 'NFT', 'Cần câu', 'Cần 3 khúc sông hồ', 'NFT', 'user1', 'Tuấn', '2016-04-12', 'A', '90%', 'NFT Super 60 -300', 'NULL', 'Trắng', '1', 'NULL', 'NULL', NULL, 'images/img/_14_1593.JPG', 'NULL', 'NULL', 'NULL', 'NULL', 'NULL', 'NULL', 'NULL', 'NULL', 'NULL', 'NULL', 'NULL', 'NULL', 'NULL', 'NULL', 'NULL', 'NULL', 'NULL', 'NULL', 'NULL', NULL, NULL),
('00002', 'Daiwa T3 MX', '01', '0102', 'Dai', 'Máy câu', 'Máy ngang', 'Daiwa', 'user1', 'Tuấn', '2016-04-12', 'A', '90%', 'NULL', 'NULL', 'Đen', '1', 'NULL', 'NULL', NULL, 'images/img/_14_1594.JPG', 'NULL', 'NULL', '190', 'NULL', 'NULL', 'NULL', 'NULL', 'NULL', 'NULL', 'NULL', 'NULL', 'NULL', 'NULL', 'NULL', '8.1:1', '5kg', '7', 'NULL', 'NULL', NULL, NULL),
('00003', 'Daiwa Emblem 5000C', '01', '0101', 'Dai', 'Máy câu', 'Máy đứng', 'Daiwa', 'user1', 'Tuấn', '2016-04-12', 'A', '90%', 'NULL', 'NULL', 'Bạc, vàng', '1', 'NULL', 'NULL', NULL, 'images/img/_14_1595.JPG', 'NULL', 'NULL', '240', 'NULL', 'NULL', 'NULL', 'NULL', 'NULL', 'NULL', 'NULL', 'NULL', 'NULL', 'NULL', 'NULL', '4.8:1', '7kg', '6', 'NULL', 'NULL', NULL, NULL),
('00004', 'Rebar X8', '03', '0301', 'Reb', 'NULL', 'NULL', 'NULL', 'NULL', 'NULL', '2016-04-12', 'NULL', 'NULL', 'NULL', 'NULL', '5 màu', '1', 'NULL', 'NULL', NULL, 'images/img/_14_1596.JPG', 'NULL', '100m', 'NULL', 'NULL', 'NULL', 'NULL', 'NULL', 'NULL', 'NULL', 'NULL', 'NULL', 'NULL', 'NULL', 'NULL', 'NULL', 'NULL', 'NULL', 'NULL', '2.0', NULL, NULL),
('00001', 'NFT Super 60 - 300', '02', '0204', 'NFT', 'Cần câu', 'Cần 3 khúc sông hồ', 'NFT', 'user1', 'Tuấn', '2016-04-12', 'A', '90%', 'NFT Super 60 -300', 'NULL', 'Trắng', '1', 'NULL', 'NULL', NULL, 'images/img/_14_1593.JPG', 'NULL', 'NULL', 'NULL', 'NULL', 'NULL', 'NULL', 'NULL', 'NULL', 'NULL', 'NULL', 'NULL', 'NULL', 'NULL', 'NULL', 'NULL', 'NULL', 'NULL', 'NULL', 'NULL', NULL, NULL),
('00002', 'Daiwa T3 MX', '01', '0102', 'Dai', 'Máy câu', 'Máy ngang', 'Daiwa', 'user1', 'Tuấn', '2016-04-12', 'A', '90%', 'NULL', 'NULL', 'Đen', '1', 'NULL', 'NULL', NULL, 'images/img/_14_1594.JPG', 'NULL', 'NULL', '190', 'NULL', 'NULL', 'NULL', 'NULL', 'NULL', 'NULL', 'NULL', 'NULL', 'NULL', 'NULL', 'NULL', '8.1:1', '5kg', '7', 'NULL', 'NULL', NULL, NULL),
('00003', 'Daiwa Emblem 5000C', '01', '0101', 'Dai', 'Máy câu', 'Máy đứng', 'Daiwa', 'user1', 'Tuấn', '2016-04-12', 'A', '90%', 'NULL', 'NULL', 'Bạc, vàng', '1', 'NULL', 'NULL', NULL, 'images/img/_14_1595.JPG', 'NULL', 'NULL', '240', 'NULL', 'NULL', 'NULL', 'NULL', 'NULL', 'NULL', 'NULL', 'NULL', 'NULL', 'NULL', 'NULL', '4.8:1', '7kg', '6', 'NULL', 'NULL', NULL, NULL),
('00004', 'Rebar X8', '03', '0301', 'Reb', 'NULL', 'NULL', 'NULL', 'NULL', 'NULL', '2016-04-12', 'NULL', 'NULL', 'NULL', 'NULL', '5 màu', '1', 'NULL', 'NULL', NULL, 'images/img/_14_1596.JPG', 'NULL', '100m', 'NULL', 'NULL', 'NULL', 'NULL', 'NULL', 'NULL', 'NULL', 'NULL', 'NULL', 'NULL', 'NULL', 'NULL', 'NULL', 'NULL', 'NULL', 'NULL', '2.0', NULL, NULL),
('00001', 'NFT Super 60 - 300', '02', '0204', 'NFT', 'Cần câu', 'Cần 3 khúc sông hồ', 'NFT', 'user1', 'Tuấn', '2016-04-12', 'A', '90%', 'NFT Super 60 -300', 'NULL', 'Trắng', '1', 'NULL', 'NULL', NULL, 'images/img/_14_1593.JPG', 'NULL', 'NULL', 'NULL', 'NULL', 'NULL', 'NULL', 'NULL', 'NULL', 'NULL', 'NULL', 'NULL', 'NULL', 'NULL', 'NULL', 'NULL', 'NULL', 'NULL', 'NULL', 'NULL', NULL, NULL),
('00002', 'Daiwa T3 MX', '01', '0102', 'Dai', 'Máy câu', 'Máy ngang', 'Daiwa', 'user1', 'Tuấn', '2016-04-12', 'A', '90%', 'NULL', 'NULL', 'Đen', '1', 'NULL', 'NULL', NULL, 'images/img/_14_1594.JPG', 'NULL', 'NULL', '190', 'NULL', 'NULL', 'NULL', 'NULL', 'NULL', 'NULL', 'NULL', 'NULL', 'NULL', 'NULL', 'NULL', '8.1:1', '5kg', '7', 'NULL', 'NULL', NULL, NULL),
('00003', 'Daiwa Emblem 5000C', '01', '0101', 'Dai', 'Máy câu', 'Máy đứng', 'Daiwa', 'user1', 'Tuấn', '2016-04-12', 'A', '90%', 'NULL', 'NULL', 'Bạc, vàng', '1', 'NULL', 'NULL', NULL, 'images/img/_14_1595.JPG', 'NULL', 'NULL', '240', 'NULL', 'NULL', 'NULL', 'NULL', 'NULL', 'NULL', 'NULL', 'NULL', 'NULL', 'NULL', 'NULL', '4.8:1', '7kg', '6', 'NULL', 'NULL', NULL, NULL),
('00004', 'Rebar X8', '03', '0301', 'Reb', 'NULL', 'NULL', 'NULL', 'NULL', 'NULL', '2016-04-12', 'NULL', 'NULL', 'NULL', 'NULL', '5 màu', '1', 'NULL', 'NULL', NULL, 'images/img/_14_1596.JPG', 'NULL', '100m', 'NULL', 'NULL', 'NULL', 'NULL', 'NULL', 'NULL', 'NULL', 'NULL', 'NULL', 'NULL', 'NULL', 'NULL', 'NULL', 'NULL', 'NULL', 'NULL', '2.0', NULL, NULL),
('00001', 'NFT Super 60 - 300', '02', '0204', 'NFT', 'Cần câu', 'Cần 3 khúc sông hồ', 'NFT', 'user1', 'Tuấn', '2016-04-12', 'A', '90%', 'NFT Super 60 -300', 'NULL', 'Trắng', '1', 'NULL', 'NULL', NULL, 'images/img/_14_1593.JPG', 'NULL', 'NULL', 'NULL', 'NULL', 'NULL', 'NULL', 'NULL', 'NULL', 'NULL', 'NULL', 'NULL', 'NULL', 'NULL', 'NULL', 'NULL', 'NULL', 'NULL', 'NULL', 'NULL', NULL, NULL),
('00002', 'Daiwa T3 MX', '01', '0102', 'Dai', 'Máy câu', 'Máy ngang', 'Daiwa', 'user1', 'Tuấn', '2016-04-12', 'A', '90%', 'NULL', 'NULL', 'Đen', '1', 'NULL', 'NULL', NULL, 'images/img/_14_1594.JPG', 'NULL', 'NULL', '190', 'NULL', 'NULL', 'NULL', 'NULL', 'NULL', 'NULL', 'NULL', 'NULL', 'NULL', 'NULL', 'NULL', '8.1:1', '5kg', '7', 'NULL', 'NULL', NULL, NULL),
('00003', 'Daiwa Emblem 5000C', '01', '0101', 'Dai', 'Máy câu', 'Máy đứng', 'Daiwa', 'user1', 'Tuấn', '2016-04-12', 'A', '90%', 'NULL', 'NULL', 'Bạc, vàng', '1', 'NULL', 'NULL', NULL, 'images/img/_14_1595.JPG', 'NULL', 'NULL', '240', 'NULL', 'NULL', 'NULL', 'NULL', 'NULL', 'NULL', 'NULL', 'NULL', 'NULL', 'NULL', 'NULL', '4.8:1', '7kg', '6', 'NULL', 'NULL', NULL, NULL),
('00004', 'Rebar X8', '03', '0301', 'Reb', 'NULL', 'NULL', 'NULL', 'NULL', 'NULL', '2016-04-12', 'NULL', 'NULL', 'NULL', 'NULL', '5 màu', '1', 'NULL', 'NULL', NULL, 'images/img/_14_1596.JPG', 'NULL', '100m', 'NULL', 'NULL', 'NULL', 'NULL', 'NULL', 'NULL', 'NULL', 'NULL', 'NULL', 'NULL', 'NULL', 'NULL', 'NULL', 'NULL', 'NULL', 'NULL', '2.0', NULL, NULL),
('00001', 'NFT Super 60 - 300', '02', '0204', 'NFT', 'Cần câu', 'Cần 3 khúc sông hồ', 'NFT', 'user1', 'Tuấn', '2016-04-12', 'A', '90%', 'NFT Super 60 -300', 'NULL', 'Trắng', '1', 'NULL', 'NULL', NULL, 'images/img/_14_1593.JPG', 'NULL', 'NULL', 'NULL', 'NULL', 'NULL', 'NULL', 'NULL', 'NULL', 'NULL', 'NULL', 'NULL', 'NULL', 'NULL', 'NULL', 'NULL', 'NULL', 'NULL', 'NULL', 'NULL', NULL, NULL),
('00002', 'Daiwa T3 MX', '01', '0102', 'Dai', 'Máy câu', 'Máy ngang', 'Daiwa', 'user1', 'Tuấn', '2016-04-12', 'A', '90%', 'NULL', 'NULL', 'Đen', '1', 'NULL', 'NULL', NULL, 'images/img/_14_1594.JPG', 'NULL', 'NULL', '190', 'NULL', 'NULL', 'NULL', 'NULL', 'NULL', 'NULL', 'NULL', 'NULL', 'NULL', 'NULL', 'NULL', '8.1:1', '5kg', '7', 'NULL', 'NULL', NULL, NULL),
('00003', 'Daiwa Emblem 5000C', '01', '0101', 'Dai', 'Máy câu', 'Máy đứng', 'Daiwa', 'user1', 'Tuấn', '2016-04-12', 'A', '90%', 'NULL', 'NULL', 'Bạc, vàng', '1', 'NULL', 'NULL', NULL, 'images/img/_14_1595.JPG', 'NULL', 'NULL', '240', 'NULL', 'NULL', 'NULL', 'NULL', 'NULL', 'NULL', 'NULL', 'NULL', 'NULL', 'NULL', 'NULL', '4.8:1', '7kg', '6', 'NULL', 'NULL', NULL, NULL),
('00004', 'Rebar X8', '03', '0301', 'Reb', 'NULL', 'NULL', 'NULL', 'NULL', 'NULL', '2016-04-12', 'NULL', 'NULL', 'NULL', 'NULL', '5 màu', '1', 'NULL', 'NULL', NULL, 'images/img/_14_1596.JPG', 'NULL', '100m', 'NULL', 'NULL', 'NULL', 'NULL', 'NULL', 'NULL', 'NULL', 'NULL', 'NULL', 'NULL', 'NULL', 'NULL', 'NULL', 'NULL', 'NULL', 'NULL', '2.0', NULL, NULL),
('00001', 'NFT Super 60 - 300', '02', '0204', 'NFT', 'Cần câu', 'Cần 3 khúc sông hồ', 'NFT', 'user1', 'Tuấn', '2016-04-12', 'A', '90%', 'NFT Super 60 -300', 'NULL', 'Trắng', '1', 'NULL', 'NULL', NULL, 'images/img/_14_1593.JPG', 'NULL', 'NULL', 'NULL', 'NULL', 'NULL', 'NULL', 'NULL', 'NULL', 'NULL', 'NULL', 'NULL', 'NULL', 'NULL', 'NULL', 'NULL', 'NULL', 'NULL', 'NULL', 'NULL', NULL, NULL),
('00002', 'Daiwa T3 MX', '01', '0102', 'Dai', 'Máy câu', 'Máy ngang', 'Daiwa', 'user1', 'Tuấn', '2016-04-12', 'A', '90%', 'NULL', 'NULL', 'Đen', '1', 'NULL', 'NULL', NULL, 'images/img/_14_1594.JPG', 'NULL', 'NULL', '190', 'NULL', 'NULL', 'NULL', 'NULL', 'NULL', 'NULL', 'NULL', 'NULL', 'NULL', 'NULL', 'NULL', '8.1:1', '5kg', '7', 'NULL', 'NULL', NULL, NULL),
('00003', 'Daiwa Emblem 5000C', '01', '0101', 'Dai', 'Máy câu', 'Máy đứng', 'Daiwa', 'user1', 'Tuấn', '2016-04-12', 'A', '90%', 'NULL', 'NULL', 'Bạc, vàng', '1', 'NULL', 'NULL', NULL, 'images/img/_14_1595.JPG', 'NULL', 'NULL', '240', 'NULL', 'NULL', 'NULL', 'NULL', 'NULL', 'NULL', 'NULL', 'NULL', 'NULL', 'NULL', 'NULL', '4.8:1', '7kg', '6', 'NULL', 'NULL', NULL, NULL),
('00004', 'Rebar X8', '03', '0301', 'Reb', 'NULL', 'NULL', 'NULL', 'NULL', 'NULL', '2016-04-12', 'NULL', 'NULL', 'NULL', 'NULL', '5 màu', '1', 'NULL', 'NULL', NULL, 'images/img/_14_1596.JPG', 'NULL', '100m', 'NULL', 'NULL', 'NULL', 'NULL', 'NULL', 'NULL', 'NULL', 'NULL', 'NULL', 'NULL', 'NULL', 'NULL', 'NULL', 'NULL', 'NULL', 'NULL', '2.0', NULL, NULL),
('00001', 'NFT Super 60 - 300', '02', '0204', 'NFT', 'Cần câu', 'Cần 3 khúc sông hồ', 'NFT', 'user1', 'Tuấn', '2016-04-12', 'A', '90%', 'NFT Super 60 -300', 'NULL', 'Trắng', '1', 'NULL', 'NULL', NULL, 'images/img/_14_1593.JPG', 'NULL', 'NULL', 'NULL', 'NULL', 'NULL', 'NULL', 'NULL', 'NULL', 'NULL', 'NULL', 'NULL', 'NULL', 'NULL', 'NULL', 'NULL', 'NULL', 'NULL', 'NULL', 'NULL', NULL, NULL),
('00002', 'Daiwa T3 MX', '01', '0102', 'Dai', 'Máy câu', 'Máy ngang', 'Daiwa', 'user1', 'Tuấn', '2016-04-12', 'A', '90%', 'NULL', 'NULL', 'Đen', '1', 'NULL', 'NULL', NULL, 'images/img/_14_1594.JPG', 'NULL', 'NULL', '190', 'NULL', 'NULL', 'NULL', 'NULL', 'NULL', 'NULL', 'NULL', 'NULL', 'NULL', 'NULL', 'NULL', '8.1:1', '5kg', '7', 'NULL', 'NULL', NULL, NULL),
('00003', 'Daiwa Emblem 5000C', '01', '0101', 'Dai', 'Máy câu', 'Máy đứng', 'Daiwa', 'user1', 'Tuấn', '2016-04-12', 'A', '90%', 'NULL', 'NULL', 'Bạc, vàng', '1', 'NULL', 'NULL', NULL, 'images/img/_14_1595.JPG', 'NULL', 'NULL', '240', 'NULL', 'NULL', 'NULL', 'NULL', 'NULL', 'NULL', 'NULL', 'NULL', 'NULL', 'NULL', 'NULL', '4.8:1', '7kg', '6', 'NULL', 'NULL', NULL, NULL),
('00004', 'Rebar X8', '03', '0301', 'Reb', 'NULL', 'NULL', 'NULL', 'NULL', 'NULL', '2016-04-12', 'NULL', 'NULL', 'NULL', 'NULL', '5 màu', '1', 'NULL', 'NULL', NULL, 'images/img/_14_1596.JPG', 'NULL', '100m', 'NULL', 'NULL', 'NULL', 'NULL', 'NULL', 'NULL', 'NULL', 'NULL', 'NULL', 'NULL', 'NULL', 'NULL', 'NULL', 'NULL', 'NULL', 'NULL', '2.0', NULL, NULL),
('00001', 'NFT Super 60 - 300', '02', '0204', 'NFT', 'Cần câu', 'Cần 3 khúc sông hồ', 'NFT', 'user1', 'Tuấn', '2016-04-12', 'A', '90%', 'NFT Super 60 -300', 'NULL', 'Trắng', '1', 'NULL', 'NULL', NULL, 'images/img/_14_1593.JPG', 'NULL', 'NULL', 'NULL', 'NULL', 'NULL', 'NULL', 'NULL', 'NULL', 'NULL', 'NULL', 'NULL', 'NULL', 'NULL', 'NULL', 'NULL', 'NULL', 'NULL', 'NULL', 'NULL', NULL, NULL),
('00002', 'Daiwa T3 MX', '01', '0102', 'Dai', 'Máy câu', 'Máy ngang', 'Daiwa', 'user1', 'Tuấn', '2016-04-12', 'A', '90%', 'NULL', 'NULL', 'Đen', '1', 'NULL', 'NULL', NULL, 'images/img/_14_1594.JPG', 'NULL', 'NULL', '190', 'NULL', 'NULL', 'NULL', 'NULL', 'NULL', 'NULL', 'NULL', 'NULL', 'NULL', 'NULL', 'NULL', '8.1:1', '5kg', '7', 'NULL', 'NULL', NULL, NULL),
('00003', 'Daiwa Emblem 5000C', '01', '0101', 'Dai', 'Máy câu', 'Máy đứng', 'Daiwa', 'user1', 'Tuấn', '2016-04-12', 'A', '90%', 'NULL', 'NULL', 'Bạc, vàng', '1', 'NULL', 'NULL', NULL, 'images/img/_14_1595.JPG', 'NULL', 'NULL', '240', 'NULL', 'NULL', 'NULL', 'NULL', 'NULL', 'NULL', 'NULL', 'NULL', 'NULL', 'NULL', 'NULL', '4.8:1', '7kg', '6', 'NULL', 'NULL', NULL, NULL),
('00004', 'Rebar X8', '03', '0301', 'Reb', 'NULL', 'NULL', 'NULL', 'NULL', 'NULL', '2016-04-12', 'NULL', 'NULL', 'NULL', 'NULL', '5 màu', '1', 'NULL', 'NULL', NULL, 'images/img/_14_1596.JPG', 'NULL', '100m', 'NULL', 'NULL', 'NULL', 'NULL', 'NULL', 'NULL', 'NULL', 'NULL', 'NULL', 'NULL', 'NULL', 'NULL', 'NULL', 'NULL', 'NULL', 'NULL', '2.0', NULL, NULL),
('00001', 'NFT Super 60 - 300', '02', '0204', 'NFT', 'Cần câu', 'Cần 3 khúc sông hồ', 'NFT', 'user1', 'Tuấn', '2016-04-12', 'A', '90%', 'NFT Super 60 -300', 'NULL', 'Trắng', '1', 'NULL', 'NULL', NULL, 'images/img/_14_1593.JPG', 'NULL', 'NULL', 'NULL', 'NULL', 'NULL', 'NULL', 'NULL', 'NULL', 'NULL', 'NULL', 'NULL', 'NULL', 'NULL', 'NULL', 'NULL', 'NULL', 'NULL', 'NULL', 'NULL', NULL, NULL),
('00002', 'Daiwa T3 MX', '01', '0102', 'Dai', 'Máy câu', 'Máy ngang', 'Daiwa', 'user1', 'Tuấn', '2016-04-12', 'A', '90%', 'NULL', 'NULL', 'Đen', '1', 'NULL', 'NULL', NULL, 'images/img/_14_1594.JPG', 'NULL', 'NULL', '190', 'NULL', 'NULL', 'NULL', 'NULL', 'NULL', 'NULL', 'NULL', 'NULL', 'NULL', 'NULL', 'NULL', '8.1:1', '5kg', '7', 'NULL', 'NULL', NULL, NULL),
('00003', 'Daiwa Emblem 5000C', '01', '0101', 'Dai', 'Máy câu', 'Máy đứng', 'Daiwa', 'user1', 'Tuấn', '2016-04-12', 'A', '90%', 'NULL', 'NULL', 'Bạc, vàng', '1', 'NULL', 'NULL', NULL, 'images/img/_14_1595.JPG', 'NULL', 'NULL', '240', 'NULL', 'NULL', 'NULL', 'NULL', 'NULL', 'NULL', 'NULL', 'NULL', 'NULL', 'NULL', 'NULL', '4.8:1', '7kg', '6', 'NULL', 'NULL', NULL, NULL),
('00004', 'Rebar X8', '03', '0301', 'Reb', 'NULL', 'NULL', 'NULL', 'NULL', 'NULL', '2016-04-12', 'NULL', 'NULL', 'NULL', 'NULL', '5 màu', '1', 'NULL', 'NULL', NULL, 'images/img/_14_1596.JPG', 'NULL', '100m', 'NULL', 'NULL', 'NULL', 'NULL', 'NULL', 'NULL', 'NULL', 'NULL', 'NULL', 'NULL', 'NULL', 'NULL', 'NULL', 'NULL', 'NULL', 'NULL', '2.0', NULL, NULL),
('00001', 'NFT Super 60 - 300', '02', '0204', 'NFT', 'Cần câu', 'Cần 3 khúc sông hồ', 'NFT', 'user1', 'Tuấn', '2016-04-12', 'A', '90%', 'NFT Super 60 -300', 'NULL', 'Trắng', '1', 'NULL', 'NULL', NULL, 'images/img/_14_1593.JPG', 'NULL', 'NULL', 'NULL', 'NULL', 'NULL', 'NULL', 'NULL', 'NULL', 'NULL', 'NULL', 'NULL', 'NULL', 'NULL', 'NULL', 'NULL', 'NULL', 'NULL', 'NULL', 'NULL', NULL, NULL),
('00002', 'Daiwa T3 MX', '01', '0102', 'Dai', 'Máy câu', 'Máy ngang', 'Daiwa', 'user1', 'Tuấn', '2016-04-12', 'A', '90%', 'NULL', 'NULL', 'Đen', '1', 'NULL', 'NULL', NULL, 'images/img/_14_1594.JPG', 'NULL', 'NULL', '190', 'NULL', 'NULL', 'NULL', 'NULL', 'NULL', 'NULL', 'NULL', 'NULL', 'NULL', 'NULL', 'NULL', '8.1:1', '5kg', '7', 'NULL', 'NULL', NULL, NULL),
('00003', 'Daiwa Emblem 5000C', '01', '0101', 'Dai', 'Máy câu', 'Máy đứng', 'Daiwa', 'user1', 'Tuấn', '2016-04-12', 'A', '90%', 'NULL', 'NULL', 'Bạc, vàng', '1', 'NULL', 'NULL', NULL, 'images/img/_14_1595.JPG', 'NULL', 'NULL', '240', 'NULL', 'NULL', 'NULL', 'NULL', 'NULL', 'NULL', 'NULL', 'NULL', 'NULL', 'NULL', 'NULL', '4.8:1', '7kg', '6', 'NULL', 'NULL', NULL, NULL),
('00004', 'Rebar X8', '03', '0301', 'Reb', 'NULL', 'NULL', 'NULL', 'NULL', 'NULL', '2016-04-12', 'NULL', 'NULL', 'NULL', 'NULL', '5 màu', '1', 'NULL', 'NULL', NULL, 'images/img/_14_1596.JPG', 'NULL', '100m', 'NULL', 'NULL', 'NULL', 'NULL', 'NULL', 'NULL', 'NULL', 'NULL', 'NULL', 'NULL', 'NULL', 'NULL', 'NULL', 'NULL', 'NULL', 'NULL', '2.0', NULL, NULL),
('00001', 'NFT Super 60 - 300', '02', '0204', 'NFT', 'Cần câu', 'Cần 3 khúc sông hồ', 'NFT', 'user1', 'Tuấn', '2016-04-12', 'A', '90%', 'NFT Super 60 -300', 'NULL', 'Trắng', '1', 'NULL', 'NULL', NULL, 'images/img/_14_1593.JPG', 'NULL', 'NULL', 'NULL', 'NULL', 'NULL', 'NULL', 'NULL', 'NULL', 'NULL', 'NULL', 'NULL', 'NULL', 'NULL', 'NULL', 'NULL', 'NULL', 'NULL', 'NULL', 'NULL', NULL, NULL),
('00002', 'Daiwa T3 MX', '01', '0102', 'Dai', 'Máy câu', 'Máy ngang', 'Daiwa', 'user1', 'Tuấn', '2016-04-12', 'A', '90%', 'NULL', 'NULL', 'Đen', '1', 'NULL', 'NULL', NULL, 'images/img/_14_1594.JPG', 'NULL', 'NULL', '190', 'NULL', 'NULL', 'NULL', 'NULL', 'NULL', 'NULL', 'NULL', 'NULL', 'NULL', 'NULL', 'NULL', '8.1:1', '5kg', '7', 'NULL', 'NULL', NULL, NULL),
('00003', 'Daiwa Emblem 5000C', '01', '0101', 'Dai', 'Máy câu', 'Máy đứng', 'Daiwa', 'user1', 'Tuấn', '2016-04-12', 'A', '90%', 'NULL', 'NULL', 'Bạc, vàng', '1', 'NULL', 'NULL', NULL, 'images/img/_14_1595.JPG', 'NULL', 'NULL', '240', 'NULL', 'NULL', 'NULL', 'NULL', 'NULL', 'NULL', 'NULL', 'NULL', 'NULL', 'NULL', 'NULL', '4.8:1', '7kg', '6', 'NULL', 'NULL', NULL, NULL),
('00004', 'Rebar X8', '03', '0301', 'Reb', 'NULL', 'NULL', 'NULL', 'NULL', 'NULL', '2016-04-12', 'NULL', 'NULL', 'NULL', 'NULL', '5 màu', '1', 'NULL', 'NULL', NULL, 'images/img/_14_1596.JPG', 'NULL', '100m', 'NULL', 'NULL', 'NULL', 'NULL', 'NULL', 'NULL', 'NULL', 'NULL', 'NULL', 'NULL', 'NULL', 'NULL', 'NULL', 'NULL', 'NULL', 'NULL', '2.0', NULL, NULL),
('00001', 'NFT Super 60 - 300', '02', '0204', 'NFT', 'Cần câu', 'Cần 3 khúc sông hồ', 'NFT', 'user1', 'Tuấn', '2016-04-12', 'A', '90%', 'NFT Super 60 -300', 'NULL', 'Trắng', '1', 'NULL', 'NULL', NULL, 'images/img/_14_1593.JPG', 'NULL', 'NULL', 'NULL', 'NULL', 'NULL', 'NULL', 'NULL', 'NULL', 'NULL', 'NULL', 'NULL', 'NULL', 'NULL', 'NULL', 'NULL', 'NULL', 'NULL', 'NULL', 'NULL', NULL, NULL),
('00002', 'Daiwa T3 MX', '01', '0102', 'Dai', 'Máy câu', 'Máy ngang', 'Daiwa', 'user1', 'Tuấn', '2016-04-12', 'A', '90%', 'NULL', 'NULL', 'Đen', '1', 'NULL', 'NULL', NULL, 'images/img/_14_1594.JPG', 'NULL', 'NULL', '190', 'NULL', 'NULL', 'NULL', 'NULL', 'NULL', 'NULL', 'NULL', 'NULL', 'NULL', 'NULL', 'NULL', '8.1:1', '5kg', '7', 'NULL', 'NULL', NULL, NULL),
('00003', 'Daiwa Emblem 5000C', '01', '0101', 'Dai', 'Máy câu', 'Máy đứng', 'Daiwa', 'user1', 'Tuấn', '2016-04-12', 'A', '90%', 'NULL', 'NULL', 'Bạc, vàng', '1', 'NULL', 'NULL', NULL, 'images/img/_14_1595.JPG', 'NULL', 'NULL', '240', 'NULL', 'NULL', 'NULL', 'NULL', 'NULL', 'NULL', 'NULL', 'NULL', 'NULL', 'NULL', 'NULL', '4.8:1', '7kg', '6', 'NULL', 'NULL', NULL, NULL),
('00004', 'Rebar X8', '03', '0301', 'Reb', 'NULL', 'NULL', 'NULL', 'NULL', 'NULL', '2016-04-12', 'NULL', 'NULL', 'NULL', 'NULL', '5 màu', '1', 'NULL', 'NULL', NULL, 'images/img/_14_1596.JPG', 'NULL', '100m', 'NULL', 'NULL', 'NULL', 'NULL', 'NULL', 'NULL', 'NULL', 'NULL', 'NULL', 'NULL', 'NULL', 'NULL', 'NULL', 'NULL', 'NULL', 'NULL', '2.0', NULL, NULL),
('00001', 'NFT Super 60 - 300', '02', '0204', 'NFT', 'Cần câu', 'Cần 3 khúc sông hồ', 'NFT', 'user1', 'Tuấn', '2016-04-12', 'A', '90%', 'NFT Super 60 -300', 'NULL', 'Trắng', '1', 'NULL', 'NULL', NULL, 'images/img/_14_1593.JPG', 'NULL', 'NULL', 'NULL', 'NULL', 'NULL', 'NULL', 'NULL', 'NULL', 'NULL', 'NULL', 'NULL', 'NULL', 'NULL', 'NULL', 'NULL', 'NULL', 'NULL', 'NULL', 'NULL', NULL, NULL),
('00002', 'Daiwa T3 MX', '01', '0102', 'Dai', 'Máy câu', 'Máy ngang', 'Daiwa', 'user1', 'Tuấn', '2016-04-12', 'A', '90%', 'NULL', 'NULL', 'Đen', '1', 'NULL', 'NULL', NULL, 'images/img/_14_1594.JPG', 'NULL', 'NULL', '190', 'NULL', 'NULL', 'NULL', 'NULL', 'NULL', 'NULL', 'NULL', 'NULL', 'NULL', 'NULL', 'NULL', '8.1:1', '5kg', '7', 'NULL', 'NULL', NULL, NULL),
('00003', 'Daiwa Emblem 5000C', '01', '0101', 'Dai', 'Máy câu', 'Máy đứng', 'Daiwa', 'user1', 'Tuấn', '2016-04-12', 'A', '90%', 'NULL', 'NULL', 'Bạc, vàng', '1', 'NULL', 'NULL', NULL, 'images/img/_14_1595.JPG', 'NULL', 'NULL', '240', 'NULL', 'NULL', 'NULL', 'NULL', 'NULL', 'NULL', 'NULL', 'NULL', 'NULL', 'NULL', 'NULL', '4.8:1', '7kg', '6', 'NULL', 'NULL', NULL, NULL),
('00004', 'Rebar X8', '03', '0301', 'Reb', 'NULL', 'NULL', 'NULL', 'NULL', 'NULL', '2016-04-12', 'NULL', 'NULL', 'NULL', 'NULL', '5 màu', '1', 'NULL', 'NULL', NULL, 'images/img/_14_1596.JPG', 'NULL', '100m', 'NULL', 'NULL', 'NULL', 'NULL', 'NULL', 'NULL', 'NULL', 'NULL', 'NULL', 'NULL', 'NULL', 'NULL', 'NULL', 'NULL', 'NULL', 'NULL', '2.0', NULL, NULL),
('00001', 'NFT Super 60 - 300', '02', '0204', 'NFT', 'Cần câu', 'Cần 3 khúc sông hồ', 'NFT', 'user1', 'Tuấn', '2016-04-12', 'A', '90%', 'NFT Super 60 -300', 'NULL', 'Trắng', '1', 'NULL', 'NULL', NULL, 'images/img/_14_1593.JPG', 'NULL', 'NULL', 'NULL', 'NULL', 'NULL', 'NULL', 'NULL', 'NULL', 'NULL', 'NULL', 'NULL', 'NULL', 'NULL', 'NULL', 'NULL', 'NULL', 'NULL', 'NULL', 'NULL', NULL, NULL),
('00002', 'Daiwa T3 MX', '01', '0102', 'Dai', 'Máy câu', 'Máy ngang', 'Daiwa', 'user1', 'Tuấn', '2016-04-12', 'A', '90%', 'NULL', 'NULL', 'Đen', '1', 'NULL', 'NULL', NULL, 'images/img/_14_1594.JPG', 'NULL', 'NULL', '190', 'NULL', 'NULL', 'NULL', 'NULL', 'NULL', 'NULL', 'NULL', 'NULL', 'NULL', 'NULL', 'NULL', '8.1:1', '5kg', '7', 'NULL', 'NULL', NULL, NULL),
('00003', 'Daiwa Emblem 5000C', '01', '0101', 'Dai', 'Máy câu', 'Máy đứng', 'Daiwa', 'user1', 'Tuấn', '2016-04-12', 'A', '90%', 'NULL', 'NULL', 'Bạc, vàng', '1', 'NULL', 'NULL', NULL, 'images/img/_14_1595.JPG', 'NULL', 'NULL', '240', 'NULL', 'NULL', 'NULL', 'NULL', 'NULL', 'NULL', 'NULL', 'NULL', 'NULL', 'NULL', 'NULL', '4.8:1', '7kg', '6', 'NULL', 'NULL', NULL, NULL),
('00004', 'Rebar X8', '03', '0301', 'Reb', 'NULL', 'NULL', 'NULL', 'NULL', 'NULL', '2016-04-12', 'NULL', 'NULL', 'NULL', 'NULL', '5 màu', '1', 'NULL', 'NULL', NULL, 'images/img/_14_1596.JPG', 'NULL', '100m', 'NULL', 'NULL', 'NULL', 'NULL', 'NULL', 'NULL', 'NULL', 'NULL', 'NULL', 'NULL', 'NULL', 'NULL', 'NULL', 'NULL', 'NULL', 'NULL', '2.0', NULL, NULL),
('00001', 'NFT Super 60 - 300', '02', '0204', 'NFT', 'Cần câu', 'Cần 3 khúc sông hồ', 'NFT', 'user1', 'Tuấn', '2016-04-12', 'A', '90%', 'NFT Super 60 -300', 'NULL', 'Trắng', '1', 'NULL', 'NULL', NULL, 'images/img/_14_1593.JPG', 'NULL', 'NULL', 'NULL', 'NULL', 'NULL', 'NULL', 'NULL', 'NULL', 'NULL', 'NULL', 'NULL', 'NULL', 'NULL', 'NULL', 'NULL', 'NULL', 'NULL', 'NULL', 'NULL', NULL, NULL),
('00002', 'Daiwa T3 MX', '01', '0102', 'Dai', 'Máy câu', 'Máy ngang', 'Daiwa', 'user1', 'Tuấn', '2016-04-12', 'A', '90%', 'NULL', 'NULL', 'Đen', '1', 'NULL', 'NULL', NULL, 'images/img/_14_1594.JPG', 'NULL', 'NULL', '190', 'NULL', 'NULL', 'NULL', 'NULL', 'NULL', 'NULL', 'NULL', 'NULL', 'NULL', 'NULL', 'NULL', '8.1:1', '5kg', '7', 'NULL', 'NULL', NULL, NULL),
('00003', 'Daiwa Emblem 5000C', '01', '0101', 'Dai', 'Máy câu', 'Máy đứng', 'Daiwa', 'user1', 'Tuấn', '2016-04-12', 'A', '90%', 'NULL', 'NULL', 'Bạc, vàng', '1', 'NULL', 'NULL', NULL, 'images/img/_14_1595.JPG', 'NULL', 'NULL', '240', 'NULL', 'NULL', 'NULL', 'NULL', 'NULL', 'NULL', 'NULL', 'NULL', 'NULL', 'NULL', 'NULL', '4.8:1', '7kg', '6', 'NULL', 'NULL', NULL, NULL),
('00004', 'Rebar X8', '03', '0301', 'Reb', 'NULL', 'NULL', 'NULL', 'NULL', 'NULL', '2016-04-12', 'NULL', 'NULL', 'NULL', 'NULL', '5 màu', '1', 'NULL', 'NULL', NULL, 'images/img/_14_1596.JPG', 'NULL', '100m', 'NULL', 'NULL', 'NULL', 'NULL', 'NULL', 'NULL', 'NULL', 'NULL', 'NULL', 'NULL', 'NULL', 'NULL', 'NULL', 'NULL', 'NULL', 'NULL', '2.0', NULL, NULL),
('00001', 'NFT Super 60 - 300', '02', '0204', 'NFT', 'Cần câu', 'Cần 3 khúc sông hồ', 'NFT', 'user1', 'Tuấn', '2016-04-12', 'A', '90%', 'NFT Super 60 -300', 'NULL', 'Trắng', '1', 'NULL', 'NULL', NULL, 'images/img/_14_1593.JPG', 'NULL', 'NULL', 'NULL', 'NULL', 'NULL', 'NULL', 'NULL', 'NULL', 'NULL', 'NULL', 'NULL', 'NULL', 'NULL', 'NULL', 'NULL', 'NULL', 'NULL', 'NULL', 'NULL', NULL, NULL),
('00002', 'Daiwa T3 MX', '01', '0102', 'Dai', 'Máy câu', 'Máy ngang', 'Daiwa', 'user1', 'Tuấn', '2016-04-12', 'A', '90%', 'NULL', 'NULL', 'Đen', '1', 'NULL', 'NULL', NULL, 'images/img/_14_1594.JPG', 'NULL', 'NULL', '190', 'NULL', 'NULL', 'NULL', 'NULL', 'NULL', 'NULL', 'NULL', 'NULL', 'NULL', 'NULL', 'NULL', '8.1:1', '5kg', '7', 'NULL', 'NULL', NULL, NULL),
('00003', 'Daiwa Emblem 5000C', '01', '0101', 'Dai', 'Máy câu', 'Máy đứng', 'Daiwa', 'user1', 'Tuấn', '2016-04-12', 'A', '90%', 'NULL', 'NULL', 'Bạc, vàng', '1', 'NULL', 'NULL', NULL, 'images/img/_14_1595.JPG', 'NULL', 'NULL', '240', 'NULL', 'NULL', 'NULL', 'NULL', 'NULL', 'NULL', 'NULL', 'NULL', 'NULL', 'NULL', 'NULL', '4.8:1', '7kg', '6', 'NULL', 'NULL', NULL, NULL),
('00004', 'Rebar X8', '03', '0301', 'Reb', 'NULL', 'NULL', 'NULL', 'NULL', 'NULL', '2016-04-12', 'NULL', 'NULL', 'NULL', 'NULL', '5 màu', '1', 'NULL', 'NULL', NULL, 'images/img/_14_1596.JPG', 'NULL', '100m', 'NULL', 'NULL', 'NULL', 'NULL', 'NULL', 'NULL', 'NULL', 'NULL', 'NULL', 'NULL', 'NULL', 'NULL', 'NULL', 'NULL', 'NULL', 'NULL', '2.0', NULL, NULL),
('00001', 'NFT Super 60 - 300', '02', '0204', 'NFT', 'Cần câu', 'Cần 3 khúc sông hồ', 'NFT', 'user1', 'Tuấn', '2016-04-12', 'A', '90%', 'NFT Super 60 -300', 'NULL', 'Trắng', '1', 'NULL', 'NULL', NULL, 'images/img/_14_1593.JPG', 'NULL', 'NULL', 'NULL', 'NULL', 'NULL', 'NULL', 'NULL', 'NULL', 'NULL', 'NULL', 'NULL', 'NULL', 'NULL', 'NULL', 'NULL', 'NULL', 'NULL', 'NULL', 'NULL', NULL, NULL),
('00002', 'Daiwa T3 MX', '01', '0102', 'Dai', 'Máy câu', 'Máy ngang', 'Daiwa', 'user1', 'Tuấn', '2016-04-12', 'A', '90%', 'NULL', 'NULL', 'Đen', '1', 'NULL', 'NULL', NULL, 'images/img/_14_1594.JPG', 'NULL', 'NULL', '190', 'NULL', 'NULL', 'NULL', 'NULL', 'NULL', 'NULL', 'NULL', 'NULL', 'NULL', 'NULL', 'NULL', '8.1:1', '5kg', '7', 'NULL', 'NULL', NULL, NULL),
('00003', 'Daiwa Emblem 5000C', '01', '0101', 'Dai', 'Máy câu', 'Máy đứng', 'Daiwa', 'user1', 'Tuấn', '2016-04-12', 'A', '90%', 'NULL', 'NULL', 'Bạc, vàng', '1', 'NULL', 'NULL', NULL, 'images/img/_14_1595.JPG', 'NULL', 'NULL', '240', 'NULL', 'NULL', 'NULL', 'NULL', 'NULL', 'NULL', 'NULL', 'NULL', 'NULL', 'NULL', 'NULL', '4.8:1', '7kg', '6', 'NULL', 'NULL', NULL, NULL),
('00004', 'Rebar X8', '03', '0301', 'Reb', 'NULL', 'NULL', 'NULL', 'NULL', 'NULL', '2016-04-12', 'NULL', 'NULL', 'NULL', 'NULL', '5 màu', '1', 'NULL', 'NULL', NULL, 'images/img/_14_1596.JPG', 'NULL', '100m', 'NULL', 'NULL', 'NULL', 'NULL', 'NULL', 'NULL', 'NULL', 'NULL', 'NULL', 'NULL', 'NULL', 'NULL', 'NULL', 'NULL', 'NULL', 'NULL', '2.0', NULL, NULL),
('00001', 'NFT Super 60 - 300', '02', '0204', 'NFT', 'Cần câu', 'Cần 3 khúc sông hồ', 'NFT', 'user1', 'Tuấn', '2016-04-12', 'A', '90%', 'NFT Super 60 -300', 'NULL', 'Trắng', '1', 'NULL', 'NULL', NULL, 'images/img/_14_1593.JPG', 'NULL', 'NULL', 'NULL', 'NULL', 'NULL', 'NULL', 'NULL', 'NULL', 'NULL', 'NULL', 'NULL', 'NULL', 'NULL', 'NULL', 'NULL', 'NULL', 'NULL', 'NULL', 'NULL', NULL, NULL),
('00002', 'Daiwa T3 MX', '01', '0102', 'Dai', 'Máy câu', 'Máy ngang', 'Daiwa', 'user1', 'Tuấn', '2016-04-12', 'A', '90%', 'NULL', 'NULL', 'Đen', '1', 'NULL', 'NULL', NULL, 'images/img/_14_1594.JPG', 'NULL', 'NULL', '190', 'NULL', 'NULL', 'NULL', 'NULL', 'NULL', 'NULL', 'NULL', 'NULL', 'NULL', 'NULL', 'NULL', '8.1:1', '5kg', '7', 'NULL', 'NULL', NULL, NULL),
('00003', 'Daiwa Emblem 5000C', '01', '0101', 'Dai', 'Máy câu', 'Máy đứng', 'Daiwa', 'user1', 'Tuấn', '2016-04-12', 'A', '90%', 'NULL', 'NULL', 'Bạc, vàng', '1', 'NULL', 'NULL', NULL, 'images/img/_14_1595.JPG', 'NULL', 'NULL', '240', 'NULL', 'NULL', 'NULL', 'NULL', 'NULL', 'NULL', 'NULL', 'NULL', 'NULL', 'NULL', 'NULL', '4.8:1', '7kg', '6', 'NULL', 'NULL', NULL, NULL),
('00004', 'Rebar X8', '03', '0301', 'Reb', 'NULL', 'NULL', 'NULL', 'NULL', 'NULL', '2016-04-12', 'NULL', 'NULL', 'NULL', 'NULL', '5 màu', '1', 'NULL', 'NULL', NULL, 'images/img/_14_1596.JPG', 'NULL', '100m', 'NULL', 'NULL', 'NULL', 'NULL', 'NULL', 'NULL', 'NULL', 'NULL', 'NULL', 'NULL', 'NULL', 'NULL', 'NULL', 'NULL', 'NULL', 'NULL', '2.0', NULL, NULL),
('00001', 'NFT Super 60 - 300', '02', '0204', 'NFT', 'Cần câu', 'Cần 3 khúc sông hồ', 'NFT', 'user1', 'Tuấn', '2016-04-12', 'A', '90%', 'NFT Super 60 -300', 'NULL', 'Trắng', '1', 'NULL', 'NULL', NULL, 'images/img/_14_1593.JPG', 'NULL', 'NULL', 'NULL', 'NULL', 'NULL', 'NULL', 'NULL', 'NULL', 'NULL', 'NULL', 'NULL', 'NULL', 'NULL', 'NULL', 'NULL', 'NULL', 'NULL', 'NULL', 'NULL', NULL, NULL),
('00002', 'Daiwa T3 MX', '01', '0102', 'Dai', 'Máy câu', 'Máy ngang', 'Daiwa', 'user1', 'Tuấn', '2016-04-12', 'A', '90%', 'NULL', 'NULL', 'Đen', '1', 'NULL', 'NULL', NULL, 'images/img/_14_1594.JPG', 'NULL', 'NULL', '190', 'NULL', 'NULL', 'NULL', 'NULL', 'NULL', 'NULL', 'NULL', 'NULL', 'NULL', 'NULL', 'NULL', '8.1:1', '5kg', '7', 'NULL', 'NULL', NULL, NULL),
('00003', 'Daiwa Emblem 5000C', '01', '0101', 'Dai', 'Máy câu', 'Máy đứng', 'Daiwa', 'user1', 'Tuấn', '2016-04-12', 'A', '90%', 'NULL', 'NULL', 'Bạc, vàng', '1', 'NULL', 'NULL', NULL, 'images/img/_14_1595.JPG', 'NULL', 'NULL', '240', 'NULL', 'NULL', 'NULL', 'NULL', 'NULL', 'NULL', 'NULL', 'NULL', 'NULL', 'NULL', 'NULL', '4.8:1', '7kg', '6', 'NULL', 'NULL', NULL, NULL),
('00004', 'Rebar X8', '03', '0301', 'Reb', 'NULL', 'NULL', 'NULL', 'NULL', 'NULL', '2016-04-12', 'NULL', 'NULL', 'NULL', 'NULL', '5 màu', '1', 'NULL', 'NULL', NULL, 'images/img/_14_1596.JPG', 'NULL', '100m', 'NULL', 'NULL', 'NULL', 'NULL', 'NULL', 'NULL', 'NULL', 'NULL', 'NULL', 'NULL', 'NULL', 'NULL', 'NULL', 'NULL', 'NULL', 'NULL', '2.0', NULL, NULL),
('00001', 'NFT Super 60 - 300', '02', '0204', 'NFT', 'Cần câu', 'Cần 3 khúc sông hồ', 'NFT', 'user1', 'Tuấn', '2016-04-12', 'A', '90%', 'NFT Super 60 -300', 'NULL', 'Trắng', '1', 'NULL', 'NULL', NULL, 'images/img/_14_1593.JPG', 'NULL', 'NULL', 'NULL', 'NULL', 'NULL', 'NULL', 'NULL', 'NULL', 'NULL', 'NULL', 'NULL', 'NULL', 'NULL', 'NULL', 'NULL', 'NULL', 'NULL', 'NULL', 'NULL', NULL, NULL),
('00002', 'Daiwa T3 MX', '01', '0102', 'Dai', 'Máy câu', 'Máy ngang', 'Daiwa', 'user1', 'Tuấn', '2016-04-12', 'A', '90%', 'NULL', 'NULL', 'Đen', '1', 'NULL', 'NULL', NULL, 'images/img/_14_1594.JPG', 'NULL', 'NULL', '190', 'NULL', 'NULL', 'NULL', 'NULL', 'NULL', 'NULL', 'NULL', 'NULL', 'NULL', 'NULL', 'NULL', '8.1:1', '5kg', '7', 'NULL', 'NULL', NULL, NULL),
('00003', 'Daiwa Emblem 5000C', '01', '0101', 'Dai', 'Máy câu', 'Máy đứng', 'Daiwa', 'user1', 'Tuấn', '2016-04-12', 'A', '90%', 'NULL', 'NULL', 'Bạc, vàng', '1', 'NULL', 'NULL', NULL, 'images/img/_14_1595.JPG', 'NULL', 'NULL', '240', 'NULL', 'NULL', 'NULL', 'NULL', 'NULL', 'NULL', 'NULL', 'NULL', 'NULL', 'NULL', 'NULL', '4.8:1', '7kg', '6', 'NULL', 'NULL', NULL, NULL),
('00004', 'Rebar X8', '03', '0301', 'Reb', 'NULL', 'NULL', 'NULL', 'NULL', 'NULL', '2016-04-12', 'NULL', 'NULL', 'NULL', 'NULL', '5 màu', '1', 'NULL', 'NULL', NULL, 'images/img/_14_1596.JPG', 'NULL', '100m', 'NULL', 'NULL', 'NULL', 'NULL', 'NULL', 'NULL', 'NULL', 'NULL', 'NULL', 'NULL', 'NULL', 'NULL', 'NULL', 'NULL', 'NULL', 'NULL', '2.0', NULL, NULL),
('00001', 'NFT Super 60 - 300', '02', '0204', 'NFT', 'Cần câu', 'Cần 3 khúc sông hồ', 'NFT', 'user1', 'Tuấn', '2016-04-12', 'A', '90%', 'NFT Super 60 -300', 'NULL', 'Trắng', '1', 'NULL', 'NULL', NULL, 'images/img/_14_1593.JPG', 'NULL', 'NULL', 'NULL', 'NULL', 'NULL', 'NULL', 'NULL', 'NULL', 'NULL', 'NULL', 'NULL', 'NULL', 'NULL', 'NULL', 'NULL', 'NULL', 'NULL', 'NULL', 'NULL', NULL, NULL),
('00002', 'Daiwa T3 MX', '01', '0102', 'Dai', 'Máy câu', 'Máy ngang', 'Daiwa', 'user1', 'Tuấn', '2016-04-12', 'A', '90%', 'NULL', 'NULL', 'Đen', '1', 'NULL', 'NULL', NULL, 'images/img/_14_1594.JPG', 'NULL', 'NULL', '190', 'NULL', 'NULL', 'NULL', 'NULL', 'NULL', 'NULL', 'NULL', 'NULL', 'NULL', 'NULL', 'NULL', '8.1:1', '5kg', '7', 'NULL', 'NULL', NULL, NULL),
('00003', 'Daiwa Emblem 5000C', '01', '0101', 'Dai', 'Máy câu', 'Máy đứng', 'Daiwa', 'user1', 'Tuấn', '2016-04-12', 'A', '90%', 'NULL', 'NULL', 'Bạc, vàng', '1', 'NULL', 'NULL', NULL, 'images/img/_14_1595.JPG', 'NULL', 'NULL', '240', 'NULL', 'NULL', 'NULL', 'NULL', 'NULL', 'NULL', 'NULL', 'NULL', 'NULL', 'NULL', 'NULL', '4.8:1', '7kg', '6', 'NULL', 'NULL', NULL, NULL),
('00004', 'Rebar X8', '03', '0301', 'Reb', 'NULL', 'NULL', 'NULL', 'NULL', 'NULL', '2016-04-12', 'NULL', 'NULL', 'NULL', 'NULL', '5 màu', '1', 'NULL', 'NULL', NULL, 'images/img/_14_1596.JPG', 'NULL', '100m', 'NULL', 'NULL', 'NULL', 'NULL', 'NULL', 'NULL', 'NULL', 'NULL', 'NULL', 'NULL', 'NULL', 'NULL', 'NULL', 'NULL', 'NULL', 'NULL', '2.0', NULL, NULL),
('00001', 'NFT Super 60 - 300', '02', '0204', 'NFT', 'Cần câu', 'Cần 3 khúc sông hồ', 'NFT', 'user1', 'Tuấn', '2016-04-12', 'A', '90%', 'NFT Super 60 -300', 'NULL', 'Trắng', '1', 'NULL', 'NULL', NULL, 'images/img/_14_1593.JPG', 'NULL', 'NULL', 'NULL', 'NULL', 'NULL', 'NULL', 'NULL', 'NULL', 'NULL', 'NULL', 'NULL', 'NULL', 'NULL', 'NULL', 'NULL', 'NULL', 'NULL', 'NULL', 'NULL', NULL, NULL),
('00002', 'Daiwa T3 MX', '01', '0102', 'Dai', 'Máy câu', 'Máy ngang', 'Daiwa', 'user1', 'Tuấn', '2016-04-12', 'A', '90%', 'NULL', 'NULL', 'Đen', '1', 'NULL', 'NULL', NULL, 'images/img/_14_1594.JPG', 'NULL', 'NULL', '190', 'NULL', 'NULL', 'NULL', 'NULL', 'NULL', 'NULL', 'NULL', 'NULL', 'NULL', 'NULL', 'NULL', '8.1:1', '5kg', '7', 'NULL', 'NULL', NULL, NULL),
('00003', 'Daiwa Emblem 5000C', '01', '0101', 'Dai', 'Máy câu', 'Máy đứng', 'Daiwa', 'user1', 'Tuấn', '2016-04-12', 'A', '90%', 'NULL', 'NULL', 'Bạc, vàng', '1', 'NULL', 'NULL', NULL, 'images/img/_14_1595.JPG', 'NULL', 'NULL', '240', 'NULL', 'NULL', 'NULL', 'NULL', 'NULL', 'NULL', 'NULL', 'NULL', 'NULL', 'NULL', 'NULL', '4.8:1', '7kg', '6', 'NULL', 'NULL', NULL, NULL),
('00004', 'Rebar X8', '03', '0301', 'Reb', 'NULL', 'NULL', 'NULL', 'NULL', 'NULL', '2016-04-12', 'NULL', 'NULL', 'NULL', 'NULL', '5 màu', '1', 'NULL', 'NULL', NULL, 'images/img/_14_1596.JPG', 'NULL', '100m', 'NULL', 'NULL', 'NULL', 'NULL', 'NULL', 'NULL', 'NULL', 'NULL', 'NULL', 'NULL', 'NULL', 'NULL', 'NULL', 'NULL', 'NULL', 'NULL', '2.0', NULL, NULL),
('00001', 'NFT Super 60 - 300', '02', '0204', 'NFT', 'Cần câu', 'Cần 3 khúc sông hồ', 'NFT', 'user1', 'Tuấn', '2016-04-12', 'A', '90%', 'NFT Super 60 -300', 'NULL', 'Trắng', '1', 'NULL', 'NULL', NULL, 'images/img/_14_1593.JPG', 'NULL', 'NULL', 'NULL', 'NULL', 'NULL', 'NULL', 'NULL', 'NULL', 'NULL', 'NULL', 'NULL', 'NULL', 'NULL', 'NULL', 'NULL', 'NULL', 'NULL', 'NULL', 'NULL', NULL, NULL),
('00002', 'Daiwa T3 MX', '01', '0102', 'Dai', 'Máy câu', 'Máy ngang', 'Daiwa', 'user1', 'Tuấn', '2016-04-12', 'A', '90%', 'NULL', 'NULL', 'Đen', '1', 'NULL', 'NULL', NULL, 'images/img/_14_1594.JPG', 'NULL', 'NULL', '190', 'NULL', 'NULL', 'NULL', 'NULL', 'NULL', 'NULL', 'NULL', 'NULL', 'NULL', 'NULL', 'NULL', '8.1:1', '5kg', '7', 'NULL', 'NULL', NULL, NULL),
('00003', 'Daiwa Emblem 5000C', '01', '0101', 'Dai', 'Máy câu', 'Máy đứng', 'Daiwa', 'user1', 'Tuấn', '2016-04-12', 'A', '90%', 'NULL', 'NULL', 'Bạc, vàng', '1', 'NULL', 'NULL', NULL, 'images/img/_14_1595.JPG', 'NULL', 'NULL', '240', 'NULL', 'NULL', 'NULL', 'NULL', 'NULL', 'NULL', 'NULL', 'NULL', 'NULL', 'NULL', 'NULL', '4.8:1', '7kg', '6', 'NULL', 'NULL', NULL, NULL),
('00004', 'Rebar X8', '03', '0301', 'Reb', 'NULL', 'NULL', 'NULL', 'NULL', 'NULL', '2016-04-12', 'NULL', 'NULL', 'NULL', 'NULL', '5 màu', '1', 'NULL', 'NULL', NULL, 'images/img/_14_1596.JPG', 'NULL', '100m', 'NULL', 'NULL', 'NULL', 'NULL', 'NULL', 'NULL', 'NULL', 'NULL', 'NULL', 'NULL', 'NULL', 'NULL', 'NULL', 'NULL', 'NULL', 'NULL', '2.0', NULL, NULL),
('00001', 'NFT Super 60 - 300', '02', '0204', 'NFT', 'Cần câu', 'Cần 3 khúc sông hồ', 'NFT', 'user1', 'Tuấn', '2016-04-12', 'A', '90%', 'NFT Super 60 -300', 'NULL', 'Trắng', '1', 'NULL', 'NULL', NULL, 'images/img/_14_1593.JPG', 'NULL', 'NULL', 'NULL', 'NULL', 'NULL', 'NULL', 'NULL', 'NULL', 'NULL', 'NULL', 'NULL', 'NULL', 'NULL', 'NULL', 'NULL', 'NULL', 'NULL', 'NULL', 'NULL', NULL, NULL),
('00002', 'Daiwa T3 MX', '01', '0102', 'Dai', 'Máy câu', 'Máy ngang', 'Daiwa', 'user1', 'Tuấn', '2016-04-12', 'A', '90%', 'NULL', 'NULL', 'Đen', '1', 'NULL', 'NULL', NULL, 'images/img/_14_1594.JPG', 'NULL', 'NULL', '190', 'NULL', 'NULL', 'NULL', 'NULL', 'NULL', 'NULL', 'NULL', 'NULL', 'NULL', 'NULL', 'NULL', '8.1:1', '5kg', '7', 'NULL', 'NULL', NULL, NULL),
('00003', 'Daiwa Emblem 5000C', '01', '0101', 'Dai', 'Máy câu', 'Máy đứng', 'Daiwa', 'user1', 'Tuấn', '2016-04-12', 'A', '90%', 'NULL', 'NULL', 'Bạc, vàng', '1', 'NULL', 'NULL', NULL, 'images/img/_14_1595.JPG', 'NULL', 'NULL', '240', 'NULL', 'NULL', 'NULL', 'NULL', 'NULL', 'NULL', 'NULL', 'NULL', 'NULL', 'NULL', 'NULL', '4.8:1', '7kg', '6', 'NULL', 'NULL', NULL, NULL),
('00004', 'Rebar X8', '03', '0301', 'Reb', 'NULL', 'NULL', 'NULL', 'NULL', 'NULL', '2016-04-12', 'NULL', 'NULL', 'NULL', 'NULL', '5 màu', '1', 'NULL', 'NULL', NULL, 'images/img/_14_1596.JPG', 'NULL', '100m', 'NULL', 'NULL', 'NULL', 'NULL', 'NULL', 'NULL', 'NULL', 'NULL', 'NULL', 'NULL', 'NULL', 'NULL', 'NULL', 'NULL', 'NULL', 'NULL', '2.0', NULL, NULL),
('00001', 'NFT Super 60 - 300', '02', '0204', 'NFT', 'Cần câu', 'Cần 3 khúc sông hồ', 'NFT', 'user1', 'Tuấn', '2016-04-12', 'A', '90%', 'NFT Super 60 -300', 'NULL', 'Trắng', '1', 'NULL', 'NULL', NULL, 'images/img/_14_1593.JPG', 'NULL', 'NULL', 'NULL', 'NULL', 'NULL', 'NULL', 'NULL', 'NULL', 'NULL', 'NULL', 'NULL', 'NULL', 'NULL', 'NULL', 'NULL', 'NULL', 'NULL', 'NULL', 'NULL', NULL, NULL),
('00002', 'Daiwa T3 MX', '01', '0102', 'Dai', 'Máy câu', 'Máy ngang', 'Daiwa', 'user1', 'Tuấn', '2016-04-12', 'A', '90%', 'NULL', 'NULL', 'Đen', '1', 'NULL', 'NULL', NULL, 'images/img/_14_1594.JPG', 'NULL', 'NULL', '190', 'NULL', 'NULL', 'NULL', 'NULL', 'NULL', 'NULL', 'NULL', 'NULL', 'NULL', 'NULL', 'NULL', '8.1:1', '5kg', '7', 'NULL', 'NULL', NULL, NULL),
('00003', 'Daiwa Emblem 5000C', '01', '0101', 'Dai', 'Máy câu', 'Máy đứng', 'Daiwa', 'user1', 'Tuấn', '2016-04-12', 'A', '90%', 'NULL', 'NULL', 'Bạc, vàng', '1', 'NULL', 'NULL', NULL, 'images/img/_14_1595.JPG', 'NULL', 'NULL', '240', 'NULL', 'NULL', 'NULL', 'NULL', 'NULL', 'NULL', 'NULL', 'NULL', 'NULL', 'NULL', 'NULL', '4.8:1', '7kg', '6', 'NULL', 'NULL', NULL, NULL),
('00004', 'Rebar X8', '03', '0301', 'Reb', 'NULL', 'NULL', 'NULL', 'NULL', 'NULL', '2016-04-12', 'NULL', 'NULL', 'NULL', 'NULL', '5 màu', '1', 'NULL', 'NULL', NULL, 'images/img/_14_1596.JPG', 'NULL', '100m', 'NULL', 'NULL', 'NULL', 'NULL', 'NULL', 'NULL', 'NULL', 'NULL', 'NULL', 'NULL', 'NULL', 'NULL', 'NULL', 'NULL', 'NULL', 'NULL', '2.0', NULL, NULL),
('00001', 'NFT Super 60 - 300', '02', '0204', 'NFT', 'Cần câu', 'Cần 3 khúc sông hồ', 'NFT', 'user1', 'Tuấn', '2016-04-12', 'A', '90%', 'NFT Super 60 -300', 'NULL', 'Trắng', '1', 'NULL', 'NULL', NULL, 'images/img/_14_1593.JPG', 'NULL', 'NULL', 'NULL', 'NULL', 'NULL', 'NULL', 'NULL', 'NULL', 'NULL', 'NULL', 'NULL', 'NULL', 'NULL', 'NULL', 'NULL', 'NULL', 'NULL', 'NULL', 'NULL', NULL, NULL),
('00002', 'Daiwa T3 MX', '01', '0102', 'Dai', 'Máy câu', 'Máy ngang', 'Daiwa', 'user1', 'Tuấn', '2016-04-12', 'A', '90%', 'NULL', 'NULL', 'Đen', '1', 'NULL', 'NULL', NULL, 'images/img/_14_1594.JPG', 'NULL', 'NULL', '190', 'NULL', 'NULL', 'NULL', 'NULL', 'NULL', 'NULL', 'NULL', 'NULL', 'NULL', 'NULL', 'NULL', '8.1:1', '5kg', '7', 'NULL', 'NULL', NULL, NULL),
('00003', 'Daiwa Emblem 5000C', '01', '0101', 'Dai', 'Máy câu', 'Máy đứng', 'Daiwa', 'user1', 'Tuấn', '2016-04-12', 'A', '90%', 'NULL', 'NULL', 'Bạc, vàng', '1', 'NULL', 'NULL', NULL, 'images/img/_14_1595.JPG', 'NULL', 'NULL', '240', 'NULL', 'NULL', 'NULL', 'NULL', 'NULL', 'NULL', 'NULL', 'NULL', 'NULL', 'NULL', 'NULL', '4.8:1', '7kg', '6', 'NULL', 'NULL', NULL, NULL),
('00004', 'Rebar X8', '03', '0301', 'Reb', 'NULL', 'NULL', 'NULL', 'NULL', 'NULL', '2016-04-12', 'NULL', 'NULL', 'NULL', 'NULL', '5 màu', '1', 'NULL', 'NULL', NULL, 'images/img/_14_1596.JPG', 'NULL', '100m', 'NULL', 'NULL', 'NULL', 'NULL', 'NULL', 'NULL', 'NULL', 'NULL', 'NULL', 'NULL', 'NULL', 'NULL', 'NULL', 'NULL', 'NULL', 'NULL', '2.0', NULL, NULL);

-- --------------------------------------------------------

--
-- Table structure for table `ormc`
--

CREATE TABLE IF NOT EXISTS `ormc` (
  `MaNhan` varchar(10) NOT NULL,
  `TenNhan` varchar(255) NOT NULL
) ENGINE=InnoDB DEFAULT CHARSET=utf8;

/*!40101 SET CHARACTER_SET_CLIENT=@OLD_CHARACTER_SET_CLIENT */;
/*!40101 SET CHARACTER_SET_RESULTS=@OLD_CHARACTER_SET_RESULTS */;
/*!40101 SET COLLATION_CONNECTION=@OLD_COLLATION_CONNECTION */;
